iteration,episode_return_mean,episode_len_mean
0,17.75,17.732142857142858
1,17.666666666666668,17.649122807017545
2,16.796610169491526,16.779661016949152
3,17.20689655172414,17.189655172413794
4,17.23728813559322,17.16949152542373
5,15.2,15.184615384615384
6,15.507692307692308,15.492307692307692
7,17.719298245614034,17.666666666666668
8,17.821428571428573,17.821428571428573
9,17.24137931034483,17.24137931034483
10,17.50877192982456,17.50877192982456
11,17.928571428571427,17.892857142857142
12,16.262295081967213,16.262295081967213
13,18.272727272727273,18.21818181818182
14,17.98181818181818,17.98181818181818
15,20.4,20.36
16,17.571428571428573,17.571428571428573
17,17.5,17.46551724137931
18,18.51851851851852,18.51851851851852
19,19.352941176470587,19.313725490196077
20,20.02,19.98
21,19.634615384615383,19.596153846153847
22,19.01923076923077,19.0
23,18.666666666666668,18.62962962962963
24,19.313725490196077,19.313725490196077
25,19.941176470588236,19.941176470588236
26,19.86,19.8
27,19.037735849056602,18.9811320754717
28,18.64814814814815,18.61111111111111
29,19.607843137254903,19.568627450980394
30,20.0,19.96
31,19.705882352941178,19.666666666666668
32,21.25531914893617,21.21276595744681
33,20.14,20.1
34,18.867924528301888,18.849056603773583
35,19.50980392156863,19.50980392156863
36,20.08,20.06
37,19.92,19.92
38,20.632653061224488,20.53061224489796
39,19.627450980392158,19.58823529411765
40,20.04,20.04
41,19.134615384615383,19.115384615384617
42,20.448979591836736,20.448979591836736
43,20.163265306122447,20.142857142857142
44,20.653061224489797,20.510204081632654
45,19.862745098039216,19.84313725490196
46,19.134615384615383,19.115384615384617
47,20.0,19.98
48,19.403846153846153,19.384615384615383
49,21.21276595744681,21.148936170212767
50,20.979166666666668,20.958333333333332
51,20.081632653061224,20.081632653061224
52,20.854166666666668,20.770833333333332
53,20.895833333333332,20.895833333333332
54,20.428571428571427,20.428571428571427
55,19.21153846153846,19.21153846153846
56,19.92156862745098,19.92156862745098
57,19.88,19.86
58,20.916666666666668,20.916666666666668
59,21.19148936170213,21.148936170212767
60,19.745098039215687,19.745098039215687
61,21.456521739130434,21.434782608695652
62,21.166666666666668,21.145833333333332
63,21.04255319148936,21.04255319148936
64,20.24,20.22
65,20.306122448979593,20.244897959183675
66,20.46938775510204,20.367346938775512
67,19.84313725490196,19.80392156862745
68,19.58823529411765,19.568627450980394
69,19.49019607843137,19.49019607843137
70,19.423076923076923,19.423076923076923
71,19.274509803921568,19.19607843137255
72,20.36,20.32
73,21.456521739130434,21.369565217391305
74,19.53846153846154,19.53846153846154
75,20.875,20.854166666666668
76,19.98,19.98
77,20.708333333333332,20.708333333333332
78,20.8125,20.75
79,20.0,19.98
80,20.653061224489797,20.632653061224488
81,18.236363636363638,18.21818181818182
82,21.127659574468087,21.02127659574468
83,20.38,20.32
84,18.528301886792452,18.528301886792452
85,18.418181818181818,18.418181818181818
86,21.47826086956522,21.47826086956522
87,21.404255319148938,21.361702127659573
88,20.26530612244898,20.224489795918366
89,20.816326530612244,20.79591836734694
90,20.591836734693878,20.489795918367346
91,19.54901960784314,19.50980392156863
92,19.686274509803923,19.647058823529413
93,20.6875,20.6875
94,20.708333333333332,20.666666666666668
95,20.489795918367346,20.46938775510204
96,20.612244897959183,20.551020408163264
97,21.21276595744681,21.19148936170213
98,19.07547169811321,19.037735849056602
99,18.38888888888889,18.38888888888889
100,19.037735849056602,19.037735849056602
101,20.770833333333332,20.666666666666668
102,20.1,20.06
103,21.21276595744681,21.21276595744681
104,21.19148936170213,21.127659574468087
105,19.18867924528302,19.132075471698112
106,20.20408163265306,20.20408163265306
107,20.408163265306122,20.387755102040817
108,19.49019607843137,19.45098039215686
109,21.104166666666668,21.020833333333332
110,21.125,21.041666666666668
111,22.34090909090909,22.295454545454547
112,19.596153846153847,19.557692307692307
113,20.428571428571427,20.408163265306122
114,20.854166666666668,20.791666666666668
115,20.12,20.08
116,20.95744680851064,20.914893617021278
117,22.244444444444444,22.22222222222222
118,23.46511627906977,23.441860465116278
119,22.886363636363637,22.795454545454547
120,22.727272727272727,22.636363636363637
121,23.833333333333332,23.738095238095237
122,23.904761904761905,23.714285714285715
123,20.12,20.12
124,20.591836734693878,20.571428571428573
125,20.872340425531913,20.851063829787233
126,19.84313725490196,19.823529411764707
127,20.16,20.16
128,20.479166666666668,20.458333333333332
129,20.54,20.44
130,22.155555555555555,22.11111111111111
131,20.14,20.08
132,20.75,20.6875
133,20.8125,20.729166666666668
134,21.27659574468085,21.23404255319149
135,20.958333333333332,20.875
136,19.82,19.78
137,19.30188679245283,19.245283018867923
138,21.27659574468085,21.25531914893617
139,21.804347826086957,21.76086956521739
140,20.53061224489796,20.489795918367346
141,21.170212765957448,21.127659574468087
142,21.76086956521739,21.73913043478261
143,20.24,20.14
144,19.26923076923077,19.25
145,20.387755102040817,20.387755102040817
146,22.266666666666666,22.22222222222222
147,20.854166666666668,20.854166666666668
148,20.5625,20.5625
149,19.192307692307693,19.173076923076923
150,20.14,20.12
151,19.686274509803923,19.686274509803923
152,20.5625,20.520833333333332
153,20.428571428571427,20.428571428571427
154,20.714285714285715,20.693877551020407
155,21.88888888888889,21.866666666666667
156,20.34,20.3
157,19.037735849056602,19.0188679245283
158,19.568627450980394,19.54901960784314
159,20.979166666666668,20.895833333333332
160,20.708333333333332,20.6875
161,19.8,19.74
162,17.736842105263158,17.719298245614034
163,20.854166666666668,20.770833333333332
164,22.11111111111111,22.08888888888889
165,22.02173913043478,22.0
166,22.522727272727273,22.5
167,20.833333333333332,20.791666666666668
168,23.09090909090909,23.022727272727273
169,21.543478260869566,21.5
170,22.08695652173913,22.043478260869566
171,21.170212765957448,21.106382978723403
172,21.319148936170212,21.27659574468085
173,20.770833333333332,20.770833333333332
174,20.632653061224488,20.571428571428573
175,19.58823529411765,19.568627450980394
176,20.46938775510204,20.448979591836736
177,19.529411764705884,19.50980392156863
178,20.708333333333332,20.604166666666668
179,20.5,20.44
180,19.568627450980394,19.568627450980394
181,20.346938775510203,20.244897959183675
182,21.170212765957448,21.106382978723403
183,21.574468085106382,21.53191489361702
184,21.82608695652174,21.76086956521739
185,19.627450980392158,19.568627450980394
186,18.849056603773583,18.830188679245282
187,20.142857142857142,20.142857142857142
188,19.5,19.46153846153846
189,20.489795918367346,20.46938775510204
190,21.06382978723404,20.97872340425532
191,20.24,20.22
192,23.348837209302324,23.162790697674417
193,20.854166666666668,20.854166666666668
194,21.0,20.875
195,18.88679245283019,18.867924528301888
196,20.612244897959183,20.571428571428573
197,21.340425531914892,21.319148936170212
198,21.47826086956522,21.391304347826086
199,20.775510204081634,20.755102040816325
200,20.02,20.0
201,21.04255319148936,21.0
202,19.80392156862745,19.784313725490197
203,21.085106382978722,21.085106382978722
204,22.0,21.977777777777778
205,20.44,20.36
206,21.27659574468085,21.25531914893617
207,20.14,20.1
208,19.313725490196077,19.274509803921568
209,21.229166666666668,21.166666666666668
210,20.3265306122449,20.306122448979593
211,20.3265306122449,20.244897959183675
212,22.355555555555554,22.288888888888888
213,22.177777777777777,22.11111111111111
214,19.941176470588236,19.92156862745098
215,21.977777777777778,21.955555555555556
216,20.625,20.604166666666668
217,21.354166666666668,21.291666666666668
218,20.5625,20.458333333333332
219,21.145833333333332,21.104166666666668
220,20.346938775510203,20.3265306122449
221,21.02127659574468,21.02127659574468
222,21.72340425531915,21.70212765957447
223,21.06382978723404,21.02127659574468
224,20.53061224489796,20.510204081632654
225,22.266666666666666,22.244444444444444
226,23.093023255813954,23.0
227,22.333333333333332,22.266666666666666
228,21.74468085106383,21.638297872340427
229,23.325581395348838,23.232558139534884
230,22.11111111111111,22.066666666666666
231,19.705882352941178,19.666666666666668
232,22.930232558139537,22.88372093023256
233,22.17391304347826,22.130434782608695
234,21.25531914893617,21.23404255319149
235,21.4468085106383,21.425531914893618
236,20.625,20.625
237,20.285714285714285,20.244897959183675
238,20.791666666666668,20.729166666666668
239,18.88888888888889,18.833333333333332
240,19.153846153846153,19.153846153846153
241,20.489795918367346,20.448979591836736
242,20.428571428571427,20.408163265306122
243,22.704545454545453,22.681818181818183
244,20.791666666666668,20.729166666666668
245,18.88679245283019,18.88679245283019
246,20.979166666666668,20.979166666666668
247,20.916666666666668,20.854166666666668
248,21.04255319148936,21.0
249,22.772727272727273,22.681818181818183
250,20.836734693877553,20.755102040816325
251,19.666666666666668,19.627450980392158
252,20.387755102040817,20.346938775510203
253,20.571428571428573,20.489795918367346
254,19.50980392156863,19.45098039215686
255,21.5531914893617,21.48936170212766
256,20.428571428571427,20.408163265306122
257,20.387755102040817,20.346938775510203
258,20.408163265306122,20.306122448979593
259,20.612244897959183,20.571428571428573
260,20.5625,20.541666666666668
261,22.4,22.31111111111111
262,21.717391304347824,21.67391304347826
263,21.652173913043477,21.630434782608695
264,22.466666666666665,22.377777777777776
265,23.022727272727273,22.90909090909091
266,21.5,21.47826086956522
267,20.0,19.96
268,22.152173913043477,22.08695652173913
269,21.369565217391305,21.369565217391305
270,20.8125,20.791666666666668
271,21.208333333333332,21.125
272,20.510204081632654,20.46938775510204
273,21.25531914893617,21.106382978723403
274,21.869565217391305,21.804347826086957
275,22.2,22.177777777777777
276,22.65909090909091,22.613636363636363
277,22.466666666666665,22.377777777777776
278,21.956521739130434,21.82608695652174
279,18.962264150943398,18.88679245283019
280,21.52173913043478,21.434782608695652
281,19.666666666666668,19.647058823529413
282,19.941176470588236,19.862745098039216
283,20.020408163265305,20.020408163265305
284,22.152173913043477,22.130434782608695
285,21.127659574468087,21.06382978723404
286,20.693877551020407,20.632653061224488
287,21.977777777777778,21.844444444444445
288,20.591836734693878,20.591836734693878
289,20.551020408163264,20.489795918367346
290,19.627450980392158,19.54901960784314
291,19.470588235294116,19.431372549019606
292,21.617021276595743,21.574468085106382
293,21.148936170212767,21.127659574468087
294,20.693877551020407,20.632653061224488
295,21.085106382978722,21.04255319148936
296,20.9375,20.875
297,21.085106382978722,21.02127659574468
298,20.510204081632654,20.489795918367346
299,20.06,19.98
300,23.022727272727273,22.954545454545453
301,21.97826086956522,21.869565217391305
302,20.02,20.02
303,21.04255319148936,21.04255319148936
304,22.355555555555554,22.244444444444444
305,21.27659574468085,21.25531914893617
306,20.833333333333332,20.8125
307,21.166666666666668,21.020833333333332
308,20.346938775510203,20.346938775510203
309,22.681818181818183,22.59090909090909
310,21.717391304347824,21.652173913043477
311,21.46808510638298,21.382978723404257
312,21.82608695652174,21.782608695652176
313,22.818181818181817,22.772727272727273
314,21.630434782608695,21.608695652173914
315,21.97826086956522,21.91304347826087
316,19.745098039215687,19.686274509803923
317,19.66,19.62
318,21.48936170212766,21.425531914893618
319,21.340425531914892,21.29787234042553
320,21.25531914893617,21.106382978723403
321,21.29787234042553,21.21276595744681
322,21.3125,21.25
323,20.46938775510204,20.428571428571427
324,21.847826086956523,21.717391304347824
325,20.20408163265306,20.183673469387756
326,21.891304347826086,21.82608695652174
327,21.4468085106383,21.404255319148938
328,21.127659574468087,21.06382978723404
329,20.448979591836736,20.387755102040817
330,21.4468085106383,21.382978723404257
331,21.47826086956522,21.456521739130434
332,21.125,21.083333333333332
333,21.125,21.083333333333332
334,20.3265306122449,20.285714285714285
335,22.244444444444444,22.133333333333333
336,21.565217391304348,21.5
337,21.80851063829787,21.680851063829788
338,21.844444444444445,21.822222222222223
339,21.53191489361702,21.361702127659573
340,20.2,20.14
341,20.16,20.12
342,23.357142857142858,23.333333333333332
343,20.958333333333332,20.916666666666668
344,21.1875,21.0625
345,20.708333333333332,20.666666666666668
346,19.92156862745098,19.88235294117647
347,21.020833333333332,20.875
348,20.04,20.0
349,22.155555555555555,22.08888888888889
350,20.583333333333332,20.520833333333332
351,20.8125,20.75
352,20.571428571428573,20.53061224489796
353,21.804347826086957,21.782608695652176
354,21.104166666666668,21.041666666666668
355,21.956521739130434,21.891304347826086
356,21.456521739130434,21.41304347826087
357,20.73469387755102,20.6734693877551
358,22.177777777777777,22.08888888888889
359,21.148936170212767,21.085106382978722
360,22.622222222222224,22.511111111111113
361,20.6875,20.645833333333332
362,22.818181818181817,22.727272727272727
363,23.25581395348837,23.209302325581394
364,20.387755102040817,20.306122448979593
365,21.25,21.145833333333332
366,22.454545454545453,22.40909090909091
367,21.595744680851062,21.4468085106383
368,21.630434782608695,21.58695652173913
369,21.891304347826086,21.804347826086957
370,18.163636363636364,18.163636363636364
371,20.34,20.3
372,18.49056603773585,18.471698113207548
373,20.42,20.36
374,20.06122448979592,20.020408163265305
375,21.595744680851062,21.5531914893617
376,21.0625,21.020833333333332
377,20.06122448979592,20.020408163265305
378,21.083333333333332,21.0
379,21.0625,20.979166666666668
380,20.448979591836736,20.387755102040817
381,21.891304347826086,21.804347826086957
382,21.456521739130434,21.41304347826087
383,21.956521739130434,21.869565217391305
384,21.382978723404257,21.340425531914892
385,21.956521739130434,21.91304347826087
386,21.822222222222223,21.77777777777778
387,22.622222222222224,22.555555555555557
388,21.934782608695652,21.847826086956523
389,22.333333333333332,22.244444444444444
390,18.054545454545455,18.036363636363635
391,18.58490566037736,18.528301886792452
392,20.979166666666668,20.979166666666668
393,21.25,21.1875
394,21.977777777777778,21.933333333333334
395,21.270833333333332,21.125
396,20.729166666666668,20.729166666666668
397,21.319148936170212,21.27659574468085
398,21.608695652173914,21.58695652173913
399,20.979166666666668,20.895833333333332
400,22.772727272727273,22.727272727272727
401,22.727272727272727,22.681818181818183
402,22.133333333333333,22.0
403,22.0,21.891304347826086
404,22.444444444444443,22.31111111111111
405,22.333333333333332,22.155555555555555
406,22.818181818181817,22.75
407,21.891304347826086,21.82608695652174
408,21.76086956521739,21.652173913043477
409,21.46808510638298,21.404255319148938
410,22.11111111111111,22.022222222222222
411,22.333333333333332,22.2
412,20.510204081632654,20.387755102040817
413,22.42222222222222,22.377777777777776
414,20.46938775510204,20.428571428571427
415,21.4468085106383,21.425531914893618
416,21.23404255319149,21.170212765957448
417,21.041666666666668,20.958333333333332
418,21.19148936170213,21.106382978723403
419,21.934782608695652,21.847826086956523
420,21.804347826086957,21.717391304347824
421,21.020833333333332,20.958333333333332
422,21.5,21.434782608695652
423,20.708333333333332,20.666666666666668
424,22.23913043478261,22.130434782608695
425,21.695652173913043,21.608695652173914
426,21.23404255319149,21.148936170212767
427,21.680851063829788,21.595744680851062
428,19.49019607843137,19.392156862745097
429,20.8125,20.770833333333332
430,19.901960784313726,19.88235294117647
431,21.456521739130434,21.434782608695652
432,22.65909090909091,22.568181818181817
433,23.068181818181817,22.954545454545453
434,21.125,21.083333333333332
435,21.804347826086957,21.67391304347826
436,19.88,19.86
437,21.76086956521739,21.76086956521739
438,21.934782608695652,21.82608695652174
439,21.608695652173914,21.5
440,21.48936170212766,21.46808510638298
441,21.977777777777778,21.88888888888889
442,22.23913043478261,22.195652173913043
443,21.88888888888889,21.844444444444445
444,22.4,22.333333333333332
445,21.382978723404257,21.361702127659573
446,21.382978723404257,21.361702127659573
447,19.76,19.7
448,22.0,21.934782608695652
449,22.555555555555557,22.444444444444443
450,19.84,19.8
451,21.91304347826087,21.82608695652174
452,20.591836734693878,20.510204081632654
453,22.08888888888889,21.91111111111111
454,20.06,20.02
455,22.0,21.956521739130434
456,20.833333333333332,20.708333333333332
457,21.76086956521739,21.652173913043477
458,22.863636363636363,22.704545454545453
459,21.630434782608695,21.565217391304348
460,21.458333333333332,21.3125
461,22.155555555555555,22.044444444444444
462,21.695652173913043,21.565217391304348
463,22.304347826086957,22.065217391304348
464,21.630434782608695,21.456521739130434
465,20.79591836734694,20.591836734693878
466,22.355555555555554,22.288888888888888
467,20.666666666666668,20.583333333333332
468,21.804347826086957,21.67391304347826
469,21.956521739130434,21.869565217391305
470,21.638297872340427,21.51063829787234
471,21.106382978723403,21.085106382978722
472,22.11111111111111,22.022222222222222
473,22.0,21.869565217391305
474,22.555555555555557,22.466666666666665
475,20.3265306122449,20.244897959183675
476,18.703703703703702,18.574074074074073
477,20.285714285714285,20.163265306122447
478,21.041666666666668,20.9375
479,22.22222222222222,22.155555555555555
480,22.555555555555557,22.488888888888887
481,22.454545454545453,22.34090909090909
482,20.6734693877551,20.591836734693878
483,20.75,20.708333333333332
484,20.32,20.24
485,21.23404255319149,21.127659574468087
486,21.51063829787234,21.48936170212766
487,20.854166666666668,20.791666666666668
488,21.782608695652176,21.782608695652176
489,21.76086956521739,21.630434782608695
490,22.0,21.782608695652176
491,22.4,22.31111111111111
492,22.886363636363637,22.772727272727273
493,21.27659574468085,21.148936170212767
494,20.583333333333332,20.541666666666668
495,22.0,21.91304347826087
496,21.617021276595743,21.48936170212766
497,21.148936170212767,21.06382978723404
498,21.638297872340427,21.5531914893617
499,21.866666666666667,21.77777777777778
500,21.229166666666668,21.208333333333332
501,21.869565217391305,21.73913043478261
502,22.681818181818183,22.59090909090909
503,23.0,22.930232558139537
504,22.466666666666665,22.377777777777776
505,22.555555555555557,22.511111111111113
506,21.456521739130434,21.347826086956523
507,20.875,20.791666666666668
508,22.533333333333335,22.4
509,21.82608695652174,21.717391304347824
510,22.90909090909091,22.818181818181817
511,22.954545454545453,22.772727272727273
512,20.32,20.18
513,19.25,19.173076923076923
514,20.02,20.02
515,22.333333333333332,22.2
516,22.333333333333332,22.133333333333333
517,21.25531914893617,21.170212765957448
518,21.340425531914892,21.319148936170212
519,21.91304347826087,21.847826086956523
520,19.58823529411765,19.50980392156863
521,21.51063829787234,21.4468085106383
522,19.431372549019606,19.392156862745097
523,20.489795918367346,20.489795918367346
524,21.083333333333332,20.979166666666668
525,21.847826086956523,21.73913043478261
526,20.75,20.604166666666668
527,21.956521739130434,21.847826086956523
528,22.22222222222222,22.11111111111111
529,22.2,22.066666666666666
530,22.108695652173914,22.043478260869566
531,20.979166666666668,20.895833333333332
532,20.9375,20.833333333333332
533,20.306122448979593,20.183673469387756
534,20.693877551020407,20.591836734693878
535,23.452380952380953,23.30952380952381
536,21.97872340425532,21.829787234042552
537,20.244897959183675,20.183673469387756
538,23.09090909090909,22.90909090909091
539,20.895833333333332,20.833333333333332
540,20.645833333333332,20.604166666666668
541,20.285714285714285,20.224489795918366
542,20.42,20.4
543,21.608695652173914,21.456521739130434
544,21.25531914893617,21.148936170212767
545,21.382978723404257,21.319148936170212
546,21.72340425531915,21.638297872340427
547,21.804347826086957,21.652173913043477
548,23.558139534883722,23.3953488372093
549,23.046511627906977,22.88372093023256
550,23.232558139534884,23.11627906976744
551,22.355555555555554,22.288888888888888
552,22.217391304347824,22.08695652173913
553,20.75,20.645833333333332
554,22.488888888888887,22.42222222222222
555,22.177777777777777,22.08888888888889
556,20.632653061224488,20.571428571428573
557,20.1,20.0
558,20.571428571428573,20.408163265306122
559,21.91304347826087,21.782608695652176
560,22.88372093023256,22.767441860465116
561,22.711111111111112,22.555555555555557
562,22.727272727272727,22.65909090909091
563,21.29787234042553,21.19148936170213
564,21.608695652173914,21.47826086956522
565,23.15909090909091,22.954545454545453
566,22.636363636363637,22.522727272727273
567,21.97872340425532,21.78723404255319
568,21.23404255319149,21.04255319148936
569,22.727272727272727,22.545454545454547
570,22.954545454545453,22.75
571,22.666666666666668,22.57777777777778
572,23.348837209302324,23.209302325581394
573,23.952380952380953,23.80952380952381
574,21.434782608695652,21.26086956521739
575,22.666666666666668,22.555555555555557
576,22.886363636363637,22.681818181818183
577,22.355555555555554,22.133333333333333
578,21.829787234042552,21.617021276595743
579,21.695652173913043,21.630434782608695
580,21.608695652173914,21.47826086956522
581,21.53191489361702,21.4468085106383
582,20.08,19.92
583,20.18,20.02
584,23.272727272727273,23.022727272727273
585,21.844444444444445,21.733333333333334
586,21.782608695652176,21.717391304347824
587,23.88372093023256,23.697674418604652
588,22.976744186046513,22.86046511627907
589,22.711111111111112,22.622222222222224
590,20.791666666666668,20.666666666666668
591,20.770833333333332,20.708333333333332
592,21.76595744680851,21.617021276595743
593,22.0,21.91111111111111
594,21.891304347826086,21.717391304347824
595,22.755555555555556,22.57777777777778
596,22.59090909090909,22.522727272727273
597,22.0,21.847826086956523
598,22.477272727272727,22.318181818181817
599,22.043478260869566,21.97826086956522
600,21.48936170212766,21.27659574468085
601,22.355555555555554,22.266666666666666
602,18.72222222222222,18.64814814814815
603,20.20408163265306,20.102040816326532
604,22.57777777777778,22.466666666666665
605,23.069767441860463,22.86046511627907
606,23.0,22.75
607,23.952380952380953,23.69047619047619
608,22.195652173913043,21.869565217391305
609,21.638297872340427,21.51063829787234
610,21.51063829787234,21.404255319148938
611,20.6875,20.520833333333332
612,21.361702127659573,21.21276595744681
613,21.1875,21.083333333333332
614,21.0,20.875
615,22.133333333333333,22.0
616,21.53191489361702,21.404255319148938
617,21.67391304347826,21.47826086956522
618,22.84090909090909,22.75
619,22.23913043478261,22.02173913043478
620,21.46808510638298,21.382978723404257
621,21.956521739130434,21.82608695652174
622,22.022222222222222,21.88888888888889
623,22.266666666666666,22.155555555555555
624,22.266666666666666,22.2
625,22.511111111111113,22.377777777777776
626,22.152173913043477,22.02173913043478
627,21.608695652173914,21.543478260869566
628,21.404255319148938,21.19148936170213
629,21.574468085106382,21.4468085106383
630,21.4468085106383,21.29787234042553
631,20.916666666666668,20.729166666666668
632,22.75,22.59090909090909
633,23.204545454545453,23.068181818181817
634,22.31111111111111,22.08888888888889
635,22.511111111111113,22.22222222222222
636,24.0,23.80952380952381
637,21.82608695652174,21.73913043478261
638,22.772727272727273,22.704545454545453
639,22.75,22.477272727272727
640,22.533333333333335,22.377777777777776
641,21.97826086956522,21.76086956521739
642,22.488888888888887,22.377777777777776
643,22.704545454545453,22.613636363636363
644,23.348837209302324,23.209302325581394
645,22.772727272727273,22.65909090909091
646,22.466666666666665,22.355555555555554
647,21.76086956521739,21.58695652173913
648,23.325581395348838,23.162790697674417
649,21.76595744680851,21.5531914893617
650,22.477272727272727,22.34090909090909
651,22.77777777777778,22.57777777777778
652,22.59090909090909,22.477272727272727
653,23.022727272727273,22.90909090909091
654,22.40909090909091,22.363636363636363
655,23.627906976744185,23.511627906976745
656,24.214285714285715,24.0
657,22.0,21.804347826086957
658,22.477272727272727,22.386363636363637
659,21.869565217391305,21.717391304347824
660,21.891304347826086,21.76086956521739
661,20.34,20.18
662,22.59090909090909,22.477272727272727
663,22.266666666666666,22.11111111111111
664,23.227272727272727,23.045454545454547
665,21.5531914893617,21.4468085106383
666,20.97872340425532,20.829787234042552
667,22.02127659574468,21.78723404255319
668,22.65909090909091,22.522727272727273
669,22.244444444444444,22.08888888888889
670,22.555555555555557,22.444444444444443
671,23.325581395348838,23.209302325581394
672,23.511627906976745,23.372093023255815
673,21.91304347826087,21.652173913043477
674,22.066666666666666,22.0
675,21.74468085106383,21.617021276595743
676,22.976744186046513,22.813953488372093
677,22.26086956521739,22.08695652173913
678,21.085106382978722,20.914893617021278
679,21.574468085106382,21.404255319148938
680,21.70212765957447,21.53191489361702
681,21.51063829787234,21.29787234042553
682,21.085106382978722,20.914893617021278
683,21.97826086956522,21.847826086956523
684,22.0,21.76086956521739
685,23.204545454545453,23.0
686,22.813953488372093,22.74418604651163
687,22.90909090909091,22.704545454545453
688,23.318181818181817,23.09090909090909
689,23.41860465116279,23.162790697674417
690,21.1875,21.041666666666668
691,22.4,22.244444444444444
692,20.367346938775512,20.20408163265306
693,20.8125,20.625
694,22.644444444444446,22.511111111111113
695,22.266666666666666,22.133333333333333
696,23.74418604651163,23.488372093023255
697,22.355555555555554,22.177777777777777
698,22.522727272727273,22.431818181818183
699,22.711111111111112,22.466666666666665
700,22.545454545454547,22.34090909090909
701,23.363636363636363,23.136363636363637
702,22.953488372093023,22.813953488372093
703,23.113636363636363,22.863636363636363
704,23.0,22.818181818181817
705,23.13953488372093,23.023255813953487
706,22.733333333333334,22.6
707,21.361702127659573,21.170212765957448
708,21.4468085106383,21.27659574468085
709,21.70212765957447,21.48936170212766
710,21.804347826086957,21.695652173913043
711,18.67924528301887,18.641509433962263
712,20.73469387755102,20.551020408163264
713,22.4,22.31111111111111
714,22.466666666666665,22.266666666666666
715,21.91111111111111,21.711111111111112
716,22.17391304347826,22.130434782608695
717,23.642857142857142,23.428571428571427
718,21.78723404255319,21.595744680851062
719,20.46938775510204,20.428571428571427
720,18.962264150943398,18.943396226415093
721,20.583333333333332,20.541666666666668
722,21.083333333333332,20.958333333333332
723,21.4468085106383,21.27659574468085
724,21.319148936170212,21.148936170212767
725,21.74468085106383,21.574468085106382
726,22.886363636363637,22.795454545454547
727,21.565217391304348,21.47826086956522
728,21.680851063829788,21.51063829787234
729,21.58695652173913,21.434782608695652
730,20.918367346938776,20.714285714285715
731,21.977777777777778,21.88888888888889
732,22.152173913043477,21.891304347826086
733,23.58139534883721,23.372093023255815
734,22.681818181818183,22.363636363636363
735,22.08695652173913,21.91304347826087
736,22.130434782608695,21.956521739130434
737,22.568181818181817,22.34090909090909
738,21.25,21.125
739,21.319148936170212,21.25531914893617
740,23.952380952380953,23.80952380952381
741,21.391304347826086,21.32608695652174
742,22.195652173913043,22.152173913043477
743,20.708333333333332,20.645833333333332
744,21.595744680851062,21.29787234042553
745,20.854166666666668,20.708333333333332
746,20.79591836734694,20.755102040816325
747,22.5,22.318181818181817
748,21.46808510638298,21.340425531914892
749,20.714285714285715,20.571428571428573
750,22.522727272727273,22.454545454545453
751,24.238095238095237,24.071428571428573
752,22.681818181818183,22.5
753,21.851063829787233,21.680851063829788
754,23.325581395348838,23.11627906976744
755,21.847826086956523,21.652173913043477
756,23.046511627906977,22.976744186046513
757,22.108695652173914,21.934782608695652
758,22.533333333333335,22.377777777777776
759,22.59090909090909,22.363636363636363
760,23.113636363636363,22.954545454545453
761,23.738095238095237,23.571428571428573
762,22.711111111111112,22.6
763,22.90909090909091,22.795454545454547
764,23.046511627906977,22.930232558139537
765,22.17391304347826,22.043478260869566
766,23.666666666666668,23.5
767,22.6,22.466666666666665
768,23.41860465116279,23.209302325581394
769,21.48936170212766,21.404255319148938
770,23.547619047619047,23.285714285714285
771,23.272727272727273,23.25
772,22.795454545454547,22.636363636363637
773,21.933333333333334,21.77777777777778
774,21.416666666666668,21.3125
775,22.244444444444444,22.133333333333333
776,22.377777777777776,22.31111111111111
777,21.847826086956523,21.630434782608695
778,23.11627906976744,22.906976744186046
779,21.166666666666668,21.083333333333332
780,20.625,20.583333333333332
781,22.108695652173914,21.869565217391305
782,21.361702127659573,21.21276595744681
783,22.954545454545453,22.727272727272727
784,20.346938775510203,20.26530612244898
785,22.555555555555557,22.333333333333332
786,21.333333333333332,21.145833333333332
787,22.0,21.933333333333334
788,22.8,22.622222222222224
789,22.477272727272727,22.272727272727273
790,22.466666666666665,22.355555555555554
791,23.511627906976745,23.46511627906977
792,22.155555555555555,22.11111111111111
793,23.045454545454547,22.886363636363637
794,21.48936170212766,21.340425531914892
795,22.066666666666666,21.955555555555556
796,24.38095238095238,24.071428571428573
797,22.704545454545453,22.477272727272727
798,22.08695652173913,21.934782608695652
799,23.642857142857142,23.452380952380953
800,22.333333333333332,22.177777777777777
801,22.6,22.488888888888887
802,21.630434782608695,21.456521739130434
803,22.57777777777778,22.444444444444443
804,21.934782608695652,21.847826086956523
805,22.636363636363637,22.568181818181817
806,22.08695652173913,21.956521739130434
807,22.84090909090909,22.681818181818183
808,21.52173913043478,21.347826086956523
809,20.58,20.44
810,22.886363636363637,22.681818181818183
811,21.51063829787234,21.27659574468085
812,21.19148936170213,21.06382978723404
813,22.511111111111113,22.355555555555554
814,20.571428571428573,20.489795918367346
815,21.0,20.80851063829787
816,21.458333333333332,21.208333333333332
817,21.695652173913043,21.58695652173913
818,22.57777777777778,22.4
819,22.133333333333333,22.022222222222222
820,23.74418604651163,23.511627906976745
821,21.085106382978722,21.0
822,23.09090909090909,22.90909090909091
823,23.976190476190474,23.88095238095238
824,23.3953488372093,23.25581395348837
825,21.695652173913043,21.630434782608695
826,23.11627906976744,22.906976744186046
827,21.893617021276597,21.74468085106383
828,23.761904761904763,23.61904761904762
829,23.3953488372093,23.27906976744186
830,22.177777777777777,22.022222222222222
831,23.181818181818183,23.022727272727273
832,24.073170731707318,23.975609756097562
833,22.8,22.666666666666668
834,21.456521739130434,21.32608695652174
835,22.733333333333334,22.644444444444446
836,23.093023255813954,22.86046511627907
837,22.755555555555556,22.533333333333335
838,23.69047619047619,23.595238095238095
839,23.3953488372093,23.25581395348837
840,22.818181818181817,22.727272727272727
841,24.142857142857142,23.952380952380953
842,22.288888888888888,22.133333333333333
843,22.818181818181817,22.704545454545453
844,23.15909090909091,22.863636363636363
845,23.209302325581394,23.069767441860463
846,23.904761904761905,23.666666666666668
847,20.058823529411764,19.96078431372549
848,22.22222222222222,22.044444444444444
849,21.70212765957447,21.5531914893617
850,21.717391304347824,21.630434782608695
851,22.42222222222222,22.177777777777777
852,22.31111111111111,22.044444444444444
853,23.976190476190474,23.714285714285715
854,21.934782608695652,21.804347826086957
855,21.617021276595743,21.425531914893618
856,22.568181818181817,22.431818181818183
857,23.272727272727273,23.022727272727273
858,23.13953488372093,23.023255813953487
859,23.976190476190474,23.761904761904763
860,22.931818181818183,22.795454545454547
861,23.3953488372093,23.25581395348837
862,23.15909090909091,22.954545454545453
863,23.761904761904763,23.61904761904762
864,23.045454545454547,22.954545454545453
865,24.146341463414632,24.024390243902438
866,25.05,24.95
867,23.813953488372093,23.72093023255814
868,22.244444444444444,22.11111111111111
869,22.266666666666666,22.066666666666666
870,23.227272727272727,23.045454545454547
871,23.571428571428573,23.333333333333332
872,22.32608695652174,22.152173913043477
873,23.27906976744186,23.209302325581394
874,23.11627906976744,23.0
875,23.72093023255814,23.511627906976745
876,21.47826086956522,21.304347826086957
877,21.914893617021278,21.74468085106383
878,23.738095238095237,23.5
879,22.108695652173914,21.934782608695652
880,21.76086956521739,21.52173913043478
881,21.804347826086957,21.630434782608695
882,22.42222222222222,22.22222222222222
883,23.976744186046513,23.72093023255814
884,24.195121951219512,23.975609756097562
885,22.555555555555557,22.31111111111111
886,23.833333333333332,23.61904761904762
887,21.333333333333332,21.104166666666668
888,22.511111111111113,22.31111111111111
889,22.2,22.044444444444444
890,21.891304347826086,21.782608695652176
891,22.90909090909091,22.681818181818183
892,23.113636363636363,22.84090909090909
893,21.456521739130434,21.347826086956523
894,25.317073170731707,24.829268292682926
895,23.952380952380953,23.80952380952381
896,23.068181818181817,22.75
897,21.25531914893617,21.148936170212767
898,21.869565217391305,21.630434782608695
899,22.377777777777776,22.177777777777777
900,24.166666666666668,23.976190476190474
901,22.568181818181817,22.431818181818183
902,23.558139534883722,23.27906976744186
903,23.790697674418606,23.6046511627907
904,22.977272727272727,22.75
905,23.27906976744186,23.093023255813954
906,23.674418604651162,23.558139534883722
907,23.209302325581394,23.069767441860463
908,22.977272727272727,22.818181818181817
909,24.48780487804878,24.170731707317074
910,23.953488372093023,23.511627906976745
911,23.69047619047619,23.5
912,23.6046511627907,23.46511627906977
913,22.795454545454547,22.75
914,22.522727272727273,22.40909090909091
915,23.790697674418606,23.53488372093023
916,23.976190476190474,23.666666666666668
917,23.72093023255814,23.441860465116278
918,22.244444444444444,22.133333333333333
919,22.488888888888887,22.31111111111111
920,21.652173913043477,21.565217391304348
921,23.0,22.863636363636363
922,23.022727272727273,22.84090909090909
923,23.045454545454547,22.84090909090909
924,22.2,22.022222222222222
925,23.41860465116279,23.25581395348837
926,22.795454545454547,22.65909090909091
927,23.209302325581394,23.0
928,23.40909090909091,23.136363636363637
929,22.886363636363637,22.727272727272727
930,22.954545454545453,22.795454545454547
931,22.681818181818183,22.431818181818183
932,23.904761904761905,23.714285714285715
933,23.022727272727273,22.90909090909091
934,21.695652173913043,21.58695652173913
935,21.404255319148938,21.27659574468085
936,22.511111111111113,22.355555555555554
937,23.441860465116278,23.302325581395348
938,22.377777777777776,22.2
939,21.104166666666668,20.9375
940,22.044444444444444,21.955555555555556
941,23.136363636363637,22.886363636363637
942,22.288888888888888,22.08888888888889
943,21.934782608695652,21.73913043478261
944,22.555555555555557,22.377777777777776
945,22.108695652173914,21.934782608695652
946,23.595238095238095,23.38095238095238
947,21.166666666666668,21.020833333333332
948,22.6,22.333333333333332
949,21.630434782608695,21.47826086956522
950,23.348837209302324,23.186046511627907
951,21.956521739130434,21.804347826086957
952,22.954545454545453,22.727272727272727
953,23.74418604651163,23.511627906976745
954,22.953488372093023,22.790697674418606
955,23.86046511627907,23.697674418604652
956,23.571428571428573,23.38095238095238
957,23.113636363636363,23.022727272727273
958,23.209302325581394,23.069767441860463
959,22.333333333333332,22.2
960,23.272727272727273,23.113636363636363
961,23.41860465116279,23.325581395348838
962,22.65909090909091,22.477272727272727
963,23.3953488372093,23.209302325581394
964,21.382978723404257,21.170212765957448
965,21.53191489361702,21.51063829787234
966,23.785714285714285,23.61904761904762
967,23.27906976744186,23.186046511627907
968,23.068181818181817,22.886363636363637
969,22.555555555555557,22.444444444444443
970,22.953488372093023,22.837209302325583
971,21.74468085106383,21.5531914893617
972,22.5,22.363636363636363
973,23.558139534883722,23.372093023255815
974,23.136363636363637,23.0
975,23.25581395348837,23.13953488372093
976,22.177777777777777,21.977777777777778
977,22.466666666666665,22.288888888888888
978,23.813953488372093,23.674418604651162
979,23.952380952380953,23.595238095238095
980,23.302325581395348,23.209302325581394
981,23.372093023255815,23.13953488372093
982,23.372093023255815,23.27906976744186
983,23.72093023255814,23.6046511627907
984,21.73913043478261,21.630434782608695
985,22.333333333333332,22.177777777777777
986,22.545454545454547,22.386363636363637
987,22.666666666666668,22.488888888888887
988,21.891304347826086,21.82608695652174
989,23.3953488372093,23.13953488372093
990,23.09090909090909,22.84090909090909
991,24.166666666666668,23.88095238095238
992,23.3953488372093,23.232558139534884
993,24.875,24.55
994,23.86046511627907,23.674418604651162
995,23.27906976744186,23.11627906976744
996,23.627906976744185,23.372093023255815
997,22.84090909090909,22.75
998,23.13953488372093,22.953488372093023
999,22.42222222222222,22.31111111111111
1000,24.357142857142858,24.047619047619047
1001,21.391304347826086,21.347826086956523
1002,22.377777777777776,22.244444444444444
1003,23.431818181818183,23.204545454545453
1004,24.9,24.7
1005,24.585365853658537,24.21951219512195
1006,24.853658536585368,24.658536585365855
1007,23.41860465116279,23.232558139534884
1008,24.071428571428573,23.833333333333332
1009,25.125,24.85
1010,22.4,22.177777777777777
1011,24.166666666666668,23.833333333333332
1012,22.666666666666668,22.511111111111113
1013,23.13953488372093,22.953488372093023
1014,23.72093023255814,23.348837209302324
1015,23.232558139534884,23.13953488372093
1016,24.609756097560975,24.414634146341463
1017,23.651162790697676,23.27906976744186
1018,22.282608695652176,22.02173913043478
1019,22.976744186046513,22.74418604651163
1020,22.866666666666667,22.68888888888889
1021,23.13953488372093,22.976744186046513
1022,22.931818181818183,22.75
1023,23.136363636363637,22.954545454545453
1024,24.536585365853657,24.365853658536587
1025,22.355555555555554,22.244444444444444
1026,23.642857142857142,23.357142857142858
1027,24.11904761904762,23.904761904761905
1028,23.34090909090909,23.0
1029,21.404255319148938,21.27659574468085
1030,23.595238095238095,23.452380952380953
1031,23.0,22.84090909090909
1032,23.372093023255815,23.162790697674417
1033,23.34090909090909,23.136363636363637
1034,22.431818181818183,22.272727272727273
1035,22.68888888888889,22.533333333333335
1036,24.29268292682927,24.073170731707318
1037,24.452380952380953,24.214285714285715
1038,22.08888888888889,21.91111111111111
1039,22.622222222222224,22.333333333333332
1040,23.72093023255814,23.46511627906977
1041,23.209302325581394,23.069767441860463
1042,24.536585365853657,24.317073170731707
1043,23.627906976744185,23.325581395348838
1044,22.066666666666666,22.044444444444444
1045,23.6046511627907,23.41860465116279
1046,23.88095238095238,23.595238095238095
1047,22.369565217391305,22.152173913043477
1048,22.75,22.65909090909091
1049,24.023809523809526,23.761904761904763
1050,23.372093023255815,23.069767441860463
1051,22.822222222222223,22.57777777777778
1052,23.3953488372093,23.25581395348837
1053,23.325581395348838,23.069767441860463
1054,25.564102564102566,25.256410256410255
1055,23.86046511627907,23.651162790697676
1056,24.8,24.575
1057,24.902439024390244,24.658536585365855
1058,24.73170731707317,24.414634146341463
1059,24.166666666666668,23.833333333333332
1060,24.878048780487806,24.536585365853657
1061,24.26829268292683,24.073170731707318
1062,22.954545454545453,22.84090909090909
1063,23.651162790697676,23.441860465116278
1064,24.48780487804878,24.195121951219512
1065,23.80952380952381,23.571428571428573
1066,22.68888888888889,22.488888888888887
1067,23.857142857142858,23.571428571428573
1068,24.0,23.738095238095237
1069,24.023255813953487,23.72093023255814
1070,25.025,24.7
1071,23.511627906976745,23.27906976744186
1072,23.045454545454547,22.818181818181817
1073,23.25,22.90909090909091
1074,22.066666666666666,21.844444444444445
1075,23.930232558139537,23.697674418604652
1076,23.162790697674417,23.0
1077,23.761904761904763,23.523809523809526
1078,22.822222222222223,22.733333333333334
1079,23.785714285714285,23.5
1080,22.511111111111113,22.31111111111111
1081,23.0,22.818181818181817
1082,22.22222222222222,22.08888888888889
1083,23.204545454545453,22.931818181818183
1084,24.658536585365855,24.365853658536587
1085,22.795454545454547,22.636363636363637
1086,23.068181818181817,22.84090909090909
1087,23.595238095238095,23.428571428571427
1088,23.46511627906977,23.232558139534884
1089,22.77777777777778,22.511111111111113
1090,24.023809523809526,23.738095238095237
1091,24.317073170731707,24.048780487804876
1092,25.121951219512194,24.853658536585368
1093,24.023809523809526,23.785714285714285
1094,25.075,24.825
1095,21.956521739130434,21.73913043478261
1096,22.84090909090909,22.681818181818183
1097,23.785714285714285,23.642857142857142
1098,23.113636363636363,22.954545454545453
1099,24.829268292682926,24.609756097560975
1100,23.571428571428573,23.357142857142858
1101,24.166666666666668,23.928571428571427
1102,22.511111111111113,22.31111111111111
1103,22.711111111111112,22.488888888888887
1104,23.069767441860463,22.906976744186046
1105,24.463414634146343,24.21951219512195
1106,23.454545454545453,23.227272727272727
1107,23.325581395348838,23.209302325581394
1108,24.365853658536587,24.121951219512194
1109,23.302325581395348,23.162790697674417
1110,23.441860465116278,23.302325581395348
1111,23.27906976744186,23.13953488372093
1112,23.386363636363637,23.15909090909091
1113,24.24390243902439,24.048780487804876
1114,22.23913043478261,22.065217391304348
1115,23.348837209302324,23.069767441860463
1116,23.113636363636363,22.863636363636363
1117,23.5,23.38095238095238
1118,22.266666666666666,22.066666666666666
1119,24.11627906976744,23.88372093023256
1120,24.023809523809526,23.761904761904763
1121,25.2,24.925
1122,24.341463414634145,24.0
1123,23.88372093023256,23.674418604651162
1124,25.435897435897434,25.153846153846153
1125,23.113636363636363,22.90909090909091
1126,24.48780487804878,24.21951219512195
1127,24.428571428571427,24.285714285714285
1128,23.11627906976744,22.86046511627907
1129,22.108695652173914,21.934782608695652
1130,22.931818181818183,22.681818181818183
1131,23.904761904761905,23.69047619047619
1132,24.357142857142858,24.19047619047619
1133,23.46511627906977,23.25581395348837
1134,22.84090909090909,22.613636363636363
1135,23.714285714285715,23.571428571428573
1136,23.674418604651162,23.558139534883722
1137,21.404255319148938,21.23404255319149
1138,23.547619047619047,23.428571428571427
1139,24.0,23.833333333333332
1140,23.15909090909091,23.0
1141,24.463414634146343,24.170731707317074
1142,23.113636363636363,22.90909090909091
1143,23.714285714285715,23.547619047619047
1144,23.627906976744185,23.302325581395348
1145,24.926829268292682,24.536585365853657
1146,23.348837209302324,23.069767441860463
1147,24.38095238095238,24.19047619047619
1148,23.523809523809526,23.357142857142858
1149,24.428571428571427,24.166666666666668
1150,23.857142857142858,23.666666666666668
1151,21.97826086956522,21.76086956521739
1152,23.761904761904763,23.571428571428573
1153,23.113636363636363,22.90909090909091
1154,23.904761904761905,23.69047619047619
1155,24.238095238095237,24.071428571428573
1156,23.627906976744185,23.3953488372093
1157,21.27659574468085,21.170212765957448
1158,23.523809523809526,23.404761904761905
1159,24.095238095238095,24.023809523809526
1160,23.488372093023255,23.186046511627907
1161,22.42222222222222,22.155555555555555
1162,22.26086956521739,22.152173913043477
1163,23.25581395348837,23.093023255813954
1164,24.071428571428573,23.857142857142858
1165,24.4390243902439,24.21951219512195
1166,23.714285714285715,23.547619047619047
1167,23.558139534883722,23.25581395348837
1168,23.5,23.227272727272727
1169,23.25581395348837,23.11627906976744
1170,23.488372093023255,23.232558139534884
1171,23.09090909090909,22.886363636363637
1172,22.818181818181817,22.59090909090909
1173,23.136363636363637,22.886363636363637
1174,24.48780487804878,24.195121951219512
1175,23.325581395348838,23.11627906976744
1176,24.30952380952381,23.904761904761905
1177,23.627906976744185,23.41860465116279
1178,23.904761904761905,23.547619047619047
1179,24.51219512195122,24.24390243902439
1180,25.625,25.3
1181,24.536585365853657,24.26829268292683
1182,24.463414634146343,24.170731707317074
1183,24.285714285714285,24.047619047619047
1184,25.575,25.275
1185,24.29268292682927,24.121951219512194
1186,24.0,23.80952380952381
1187,23.227272727272727,22.954545454545453
1188,24.4390243902439,24.170731707317074
1189,24.261904761904763,24.023809523809526
1190,23.642857142857142,23.428571428571427
1191,24.142857142857142,23.904761904761905
1192,23.272727272727273,22.931818181818183
1193,22.681818181818183,22.5
1194,23.363636363636363,23.113636363636363
1195,21.67391304347826,21.52173913043478
1196,23.441860465116278,23.13953488372093
1197,22.57777777777778,22.444444444444443
1198,22.155555555555555,22.08888888888889
1199,22.75,22.568181818181817
1200,23.837209302325583,23.627906976744185
1201,21.76086956521739,21.543478260869566
1202,21.717391304347824,21.52173913043478
1203,23.976744186046513,23.651162790697676
1204,22.818181818181817,22.568181818181817
1205,23.928571428571427,23.61904761904762
1206,24.071428571428573,23.833333333333332
1207,23.045454545454547,22.727272727272727
1208,22.6,22.42222222222222
1209,22.886363636363637,22.704545454545453
1210,22.533333333333335,22.333333333333332
1211,22.065217391304348,21.847826086956523
1212,22.4,22.177777777777777
1213,22.022222222222222,21.8
1214,24.023809523809526,23.80952380952381
1215,22.77777777777778,22.57777777777778
1216,24.317073170731707,24.121951219512194
1217,22.644444444444446,22.488888888888887
1218,24.095238095238095,23.80952380952381
1219,24.023809523809526,23.714285714285715
1220,23.511627906976745,23.209302325581394
1221,23.0,22.818181818181817
1222,23.976190476190474,23.523809523809526
1223,22.282608695652176,22.065217391304348
1224,21.083333333333332,20.895833333333332
1225,22.40909090909091,22.272727272727273
1226,22.644444444444446,22.466666666666665
1227,23.6046511627907,23.348837209302324
1228,23.69047619047619,23.5
1229,24.975609756097562,24.51219512195122
1230,23.627906976744185,23.3953488372093
1231,24.214285714285715,23.857142857142858
1232,23.209302325581394,23.069767441860463
1233,23.738095238095237,23.452380952380953
1234,23.976744186046513,23.72093023255814
1235,24.071428571428573,23.833333333333332
1236,23.09090909090909,22.84090909090909
1237,25.0,24.775
1238,22.704545454545453,22.522727272727273
1239,23.295454545454547,23.136363636363637
1240,23.595238095238095,23.30952380952381
1241,24.047619047619047,23.761904761904763
1242,25.024390243902438,24.78048780487805
1243,24.70731707317073,24.341463414634145
1244,23.325581395348838,23.069767441860463
1245,24.70731707317073,24.48780487804878
1246,24.73170731707317,24.51219512195122
1247,25.375,24.925
1248,24.333333333333332,24.071428571428573
1249,22.355555555555554,22.11111111111111
1250,23.53488372093023,23.27906976744186
1251,24.214285714285715,23.857142857142858
1252,24.414634146341463,24.146341463414632
1253,24.75609756097561,24.51219512195122
1254,24.071428571428573,23.857142857142858
1255,24.634146341463413,24.24390243902439
1256,24.536585365853657,24.170731707317074
1257,23.40909090909091,23.0
1258,25.05,24.65
1259,24.523809523809526,24.261904761904763
1260,24.70731707317073,24.48780487804878
1261,24.195121951219512,23.902439024390244
1262,22.666666666666668,22.444444444444443
1263,22.511111111111113,22.288888888888888
1264,24.26829268292683,24.073170731707318
1265,21.354166666666668,21.145833333333332
1266,23.88095238095238,23.571428571428573
1267,23.627906976744185,23.3953488372093
1268,23.904761904761905,23.666666666666668
1269,24.428571428571427,24.023809523809526
1270,24.609756097560975,24.390243902439025
1271,24.095238095238095,23.761904761904763
1272,23.714285714285715,23.571428571428573
1273,23.88372093023256,23.651162790697676
1274,24.365853658536587,24.097560975609756
1275,25.024390243902438,24.70731707317073
1276,26.07894736842105,25.68421052631579
1277,24.261904761904763,24.023809523809526
1278,24.390243902439025,24.21951219512195
1279,25.25,24.95
1280,24.658536585365855,24.463414634146343
1281,25.45,25.025
1282,25.625,25.275
1283,24.142857142857142,23.857142857142858
1284,24.095238095238095,23.738095238095237
1285,22.681818181818183,22.5
1286,25.121951219512194,24.902439024390244
1287,25.641025641025642,25.205128205128204
1288,24.75609756097561,24.414634146341463
1289,25.775,25.4
1290,24.804878048780488,24.29268292682927
1291,25.3,25.075
1292,25.666666666666668,25.358974358974358
1293,25.65,25.225
1294,23.302325581395348,23.13953488372093
1295,22.108695652173914,21.82608695652174
1296,23.558139534883722,23.325581395348838
1297,24.11904761904762,23.833333333333332
1298,23.547619047619047,23.30952380952381
1299,24.0,23.72093023255814
1300,24.4390243902439,24.195121951219512
1301,24.51219512195122,24.21951219512195
1302,25.024390243902438,24.78048780487805
1303,25.025,24.775
1304,23.46511627906977,23.27906976744186
1305,21.73913043478261,21.52173913043478
1306,23.363636363636363,23.09090909090909
1307,24.166666666666668,23.738095238095237
1308,24.775,24.6
1309,23.627906976744185,23.3953488372093
1310,24.73170731707317,24.463414634146343
1311,24.78048780487805,24.5609756097561
1312,24.975,24.8
1313,23.697674418604652,23.488372093023255
1314,23.209302325581394,22.976744186046513
1315,23.558139534883722,23.25581395348837
1316,25.0,24.70731707317073
1317,24.463414634146343,24.29268292682927
1318,24.609756097560975,24.195121951219512
1319,23.511627906976745,23.25581395348837
1320,21.680851063829788,21.574468085106382
1321,23.348837209302324,23.046511627906977
1322,23.928571428571427,23.714285714285715
1323,24.26829268292683,24.170731707317074
1324,23.651162790697676,23.3953488372093
1325,23.511627906976745,23.27906976744186
1326,23.58139534883721,23.27906976744186
1327,23.204545454545453,22.931818181818183
1328,24.21951219512195,24.024390243902438
1329,23.3953488372093,23.232558139534884
1330,23.72093023255814,23.441860465116278
1331,23.697674418604652,23.511627906976745
1332,24.023809523809526,23.80952380952381
1333,24.21951219512195,23.975609756097562
1334,23.34090909090909,23.136363636363637
1335,23.833333333333332,23.642857142857142
1336,22.244444444444444,22.2
1337,22.622222222222224,22.31111111111111
1338,24.071428571428573,23.80952380952381
1339,24.0,23.666666666666668
1340,24.75609756097561,24.390243902439025
1341,23.651162790697676,23.41860465116279
1342,23.093023255813954,22.906976744186046
1343,24.951219512195124,24.609756097560975
1344,23.204545454545453,22.84090909090909
1345,22.681818181818183,22.477272727272727
1346,24.476190476190474,24.142857142857142
1347,24.073170731707318,23.878048780487806
1348,25.29268292682927,24.853658536585368
1349,24.166666666666668,23.80952380952381
1350,24.975,24.65
1351,23.3953488372093,23.232558139534884
1352,23.5,23.068181818181817
1353,24.095238095238095,23.785714285714285
1354,24.333333333333332,23.857142857142858
1355,23.41860465116279,23.209302325581394
1356,25.25,24.9
1357,24.166666666666668,23.976190476190474
1358,23.441860465116278,23.232558139534884
1359,22.65909090909091,22.522727272727273
1360,24.166666666666668,23.88095238095238
1361,23.022727272727273,22.795454545454547
1362,22.288888888888888,22.11111111111111
1363,24.390243902439025,24.121951219512194
1364,23.454545454545453,23.113636363636363
1365,24.023809523809526,23.666666666666668
1366,22.244444444444444,22.066666666666666
1367,23.88372093023256,23.651162790697676
1368,22.681818181818183,22.477272727272727
1369,24.261904761904763,24.047619047619047
1370,23.302325581395348,23.069767441860463
1371,24.0,23.761904761904763
1372,23.181818181818183,22.863636363636363
1373,21.91304347826087,21.67391304347826
1374,23.80952380952381,23.523809523809526
1375,24.975609756097562,24.634146341463413
1376,24.829268292682926,24.5609756097561
1377,23.642857142857142,23.404761904761905
1378,22.444444444444443,22.266666666666666
1379,24.30952380952381,23.928571428571427
1380,23.674418604651162,23.209302325581394
1381,24.357142857142858,24.095238095238095
1382,23.61904761904762,23.38095238095238
1383,23.477272727272727,23.227272727272727
1384,24.024390243902438,23.829268292682926
1385,25.2,24.95
1386,24.878048780487806,24.536585365853657
1387,23.930232558139537,23.627906976744185
1388,25.025,24.725
1389,23.441860465116278,23.13953488372093
1390,24.023809523809526,23.738095238095237
1391,24.78048780487805,24.463414634146343
1392,23.906976744186046,23.674418604651162
1393,24.195121951219512,23.926829268292682
1394,22.886363636363637,22.727272727272727
1395,22.755555555555556,22.6
1396,24.925,24.7
1397,23.34090909090909,23.045454545454547
1398,22.636363636363637,22.386363636363637
1399,23.325581395348838,23.162790697674417
1400,24.666666666666668,24.285714285714285
1401,23.785714285714285,23.571428571428573
1402,23.761904761904763,23.452380952380953
1403,23.386363636363637,23.09090909090909
1404,23.558139534883722,23.3953488372093
1405,22.477272727272727,22.318181818181817
1406,23.0,22.681818181818183
1407,24.285714285714285,24.11904761904762
1408,23.674418604651162,23.3953488372093
1409,22.31111111111111,22.133333333333333
1410,25.15,24.8
1411,24.682926829268293,24.48780487804878
1412,23.6046511627907,23.53488372093023
1413,22.613636363636363,22.431818181818183
1414,22.043478260869566,21.956521739130434
1415,22.931818181818183,22.704545454545453
1416,23.046511627906977,22.88372093023256
1417,23.651162790697676,23.41860465116279
1418,24.951219512195124,24.658536585365855
1419,23.666666666666668,23.285714285714285
1420,25.0,24.73170731707317
1421,24.829268292682926,24.365853658536587
1422,24.214285714285715,24.0
1423,24.5609756097561,24.146341463414632
1424,23.6046511627907,23.325581395348838
1425,24.51219512195122,24.29268292682927
1426,24.51219512195122,24.26829268292683
1427,24.609756097560975,24.390243902439025
1428,24.19047619047619,23.928571428571427
1429,24.023809523809526,23.666666666666668
1430,23.136363636363637,22.954545454545453
1431,24.095238095238095,23.80952380952381
1432,23.27906976744186,23.0
1433,23.88372093023256,23.627906976744185
1434,23.833333333333332,23.571428571428573
1435,24.5,24.11904761904762
1436,25.125,24.725
1437,24.333333333333332,23.976190476190474
1438,24.829268292682926,24.51219512195122
1439,23.209302325581394,22.930232558139537
1440,23.72093023255814,23.41860465116279
1441,23.25581395348837,23.093023255813954
1442,22.90909090909091,22.613636363636363
1443,24.951219512195124,24.48780487804878
1444,24.951219512195124,24.634146341463413
1445,24.682926829268293,24.463414634146343
1446,24.26829268292683,24.073170731707318
1447,24.023809523809526,23.857142857142858
1448,23.86046511627907,23.558139534883722
1449,25.692307692307693,25.205128205128204
1450,24.214285714285715,23.976190476190474
1451,23.325581395348838,23.069767441860463
1452,24.975609756097562,24.5609756097561
1453,24.38095238095238,24.047619047619047
1454,23.3953488372093,23.093023255813954
1455,22.195652173913043,21.934782608695652
1456,23.41860465116279,23.11627906976744
1457,24.390243902439025,24.097560975609756
1458,24.428571428571427,24.166666666666668
1459,24.463414634146343,24.170731707317074
1460,23.372093023255815,23.11627906976744
1461,22.77777777777778,22.466666666666665
1462,25.2,24.875
1463,22.57777777777778,22.244444444444444
1464,24.19047619047619,23.833333333333332
1465,22.75,22.568181818181817
1466,24.38095238095238,24.023809523809526
1467,24.463414634146343,24.170731707317074
1468,22.886363636363637,22.65909090909091
1469,23.837209302325583,23.58139534883721
1470,24.317073170731707,24.0
1471,22.68888888888889,22.4
1472,22.488888888888887,22.333333333333332
1473,23.74418604651163,23.441860465116278
1474,25.05,24.8
1475,24.463414634146343,24.21951219512195
1476,24.682926829268293,24.341463414634145
1477,23.068181818181817,22.90909090909091
1478,23.558139534883722,23.325581395348838
1479,24.023809523809526,23.642857142857142
1480,25.7,25.275
1481,24.48780487804878,24.195121951219512
1482,25.846153846153847,25.435897435897434
1483,22.886363636363637,22.568181818181817
1484,23.636363636363637,23.318181818181817
1485,23.547619047619047,23.261904761904763
1486,24.804878048780488,24.5609756097561
1487,24.285714285714285,23.904761904761905
1488,24.285714285714285,24.0
1489,23.761904761904763,23.595238095238095
1490,23.674418604651162,23.441860465116278
1491,23.372093023255815,23.046511627906977
1492,23.3953488372093,23.069767441860463
1493,24.0,23.767441860465116
1494,24.878048780487806,24.341463414634145
1495,23.11627906976744,22.88372093023256
1496,24.73170731707317,24.463414634146343
1497,23.53488372093023,23.302325581395348
1498,24.142857142857142,23.80952380952381
1499,24.214285714285715,23.928571428571427
1500,22.568181818181817,22.477272727272727
1501,24.214285714285715,23.88095238095238
1502,23.952380952380953,23.738095238095237
1503,23.6046511627907,23.27906976744186
1504,24.142857142857142,23.785714285714285
1505,22.75,22.5
1506,23.727272727272727,23.34090909090909
1507,24.682926829268293,24.29268292682927
1508,23.697674418604652,23.3953488372093
1509,23.209302325581394,22.790697674418606
1510,24.829268292682926,24.48780487804878
1511,25.775,25.4
1512,24.023809523809526,23.785714285714285
1513,23.785714285714285,23.547619047619047
1514,24.214285714285715,23.833333333333332
1515,25.1,24.725
1516,25.8,25.425
1517,23.904761904761905,23.642857142857142
1518,24.0,23.785714285714285
1519,23.325581395348838,23.023255813953487
1520,24.142857142857142,23.88095238095238
1521,24.642857142857142,24.261904761904763
1522,24.341463414634145,24.121951219512194
1523,25.0,24.536585365853657
1524,23.441860465116278,23.232558139534884
1525,25.25,24.8
1526,25.0,24.609756097560975
1527,25.2,24.85
1528,23.441860465116278,23.209302325581394
1529,23.857142857142858,23.69047619047619
1530,24.11904761904762,23.857142857142858
1531,23.651162790697676,23.348837209302324
1532,25.625,25.25
1533,23.976190476190474,23.61904761904762
1534,23.0,22.727272727272727
1535,22.644444444444446,22.466666666666665
1536,23.488372093023255,23.13953488372093
1537,23.27906976744186,23.023255813953487
1538,23.88372093023256,23.58139534883721
1539,25.05,24.65
1540,24.853658536585368,24.48780487804878
1541,23.15909090909091,22.795454545454547
1542,24.097560975609756,23.926829268292682
1543,24.11627906976744,23.837209302325583
1544,24.023809523809526,23.69047619047619
1545,23.714285714285715,23.428571428571427
1546,24.38095238095238,23.976190476190474
1547,23.72093023255814,23.441860465116278
1548,24.095238095238095,23.833333333333332
1549,24.536585365853657,24.29268292682927
1550,23.227272727272727,22.84090909090909
1551,24.142857142857142,23.738095238095237
1552,24.390243902439025,24.073170731707318
1553,23.488372093023255,23.186046511627907
1554,24.19047619047619,23.80952380952381
1555,23.545454545454547,23.25
1556,24.365853658536587,24.146341463414632
1557,24.658536585365855,24.26829268292683
1558,24.75609756097561,24.317073170731707
1559,24.829268292682926,24.341463414634145
1560,23.454545454545453,23.227272727272727
1561,24.365853658536587,24.048780487804876
1562,24.634146341463413,24.365853658536587
1563,23.928571428571427,23.714285714285715
1564,23.906976744186046,23.6046511627907
1565,23.511627906976745,23.13953488372093
1566,23.27906976744186,23.046511627906977
1567,24.095238095238095,23.785714285714285
1568,22.711111111111112,22.466666666666665
1569,24.0,23.69047619047619
1570,24.11904761904762,23.761904761904763
1571,24.261904761904763,23.80952380952381
1572,24.48780487804878,24.24390243902439
1573,24.452380952380953,24.166666666666668
1574,22.466666666666665,22.266666666666666
1575,23.976190476190474,23.69047619047619
1576,23.325581395348838,23.046511627906977
1577,23.906976744186046,23.558139534883722
1578,24.609756097560975,24.170731707317074
1579,24.634146341463413,24.341463414634145
1580,22.77777777777778,22.555555555555557
1581,22.288888888888888,22.066666666666666
1582,25.275,24.875
1583,22.977272727272727,22.704545454545453
1584,23.022727272727273,22.772727272727273
1585,23.302325581395348,23.023255813953487
1586,24.238095238095237,23.952380952380953
1587,23.511627906976745,23.25581395348837
1588,25.3,24.9
1589,24.0,23.627906976744185
1590,24.70731707317073,24.341463414634145
1591,25.2,24.825
1592,25.1,24.825
1593,26.153846153846153,25.794871794871796
1594,24.951219512195124,24.585365853658537
1595,25.025,24.6
1596,24.214285714285715,23.857142857142858
1597,23.6046511627907,23.348837209302324
1598,22.75,22.636363636363637
1599,23.46511627906977,23.186046511627907
1600,24.261904761904763,23.928571428571427
1601,23.022727272727273,22.75
1602,24.73170731707317,24.26829268292683
1603,23.930232558139537,23.58139534883721
1604,24.70731707317073,24.365853658536587
1605,24.609756097560975,24.341463414634145
1606,23.232558139534884,22.953488372093023
1607,23.697674418604652,23.511627906976745
1608,23.363636363636363,23.0
1609,23.761904761904763,23.428571428571427
1610,24.5,24.11904761904762
1611,23.642857142857142,23.404761904761905
1612,24.452380952380953,24.071428571428573
1613,23.953488372093023,23.46511627906977
1614,23.738095238095237,23.452380952380953
1615,22.886363636363637,22.636363636363637
1616,24.095238095238095,23.857142857142858
1617,23.697674418604652,23.46511627906977
1618,25.325,24.9
1619,22.711111111111112,22.42222222222222
1620,23.302325581395348,22.976744186046513
1621,22.818181818181817,22.545454545454547
1622,23.88372093023256,23.6046511627907
1623,23.651162790697676,23.41860465116279
1624,23.186046511627907,22.953488372093023
1625,24.333333333333332,23.976190476190474
1626,24.357142857142858,24.0
1627,23.11627906976744,22.930232558139537
1628,21.319148936170212,21.127659574468087
1629,22.8,22.555555555555557
1630,23.833333333333332,23.547619047619047
1631,23.25,23.0
1632,23.80952380952381,23.595238095238095
1633,24.48780487804878,24.24390243902439
1634,23.295454545454547,23.068181818181817
1635,24.26829268292683,23.878048780487806
1636,24.476190476190474,24.19047619047619
1637,22.152173913043477,21.934782608695652
1638,24.48780487804878,24.195121951219512
1639,22.288888888888888,22.066666666666666
1640,23.488372093023255,23.232558139534884
1641,21.829787234042552,21.574468085106382
1642,22.68888888888889,22.288888888888888
1643,24.609756097560975,24.24390243902439
1644,22.727272727272727,22.431818181818183
1645,22.755555555555556,22.533333333333335
1646,22.704545454545453,22.454545454545453
1647,23.372093023255815,23.13953488372093
1648,23.431818181818183,23.068181818181817
1649,24.071428571428573,23.714285714285715
1650,23.488372093023255,23.11627906976744
1651,22.555555555555557,22.333333333333332
1652,23.761904761904763,23.547619047619047
1653,24.785714285714285,24.357142857142858
1654,23.666666666666668,23.285714285714285
1655,24.69047619047619,24.261904761904763
1656,24.75609756097561,24.365853658536587
1657,23.738095238095237,23.452380952380953
1658,23.522727272727273,23.15909090909091
1659,24.170731707317074,23.926829268292682
1660,22.26086956521739,22.02173913043478
1661,23.13953488372093,22.813953488372093
1662,23.15909090909091,22.90909090909091
1663,23.511627906976745,23.232558139534884
1664,23.813953488372093,23.558139534883722
1665,23.651162790697676,23.325581395348838
1666,22.90909090909091,22.568181818181817
1667,23.511627906976745,23.27906976744186
1668,25.024390243902438,24.585365853658537
1669,24.341463414634145,24.048780487804876
1670,23.136363636363637,22.84090909090909
1671,24.4390243902439,24.097560975609756
1672,23.318181818181817,23.045454545454547
1673,23.571428571428573,23.333333333333332
1674,23.044444444444444,22.822222222222223
1675,22.86046511627907,22.697674418604652
1676,23.627906976744185,23.27906976744186
1677,23.227272727272727,22.90909090909091
1678,24.285714285714285,23.952380952380953
1679,23.558139534883722,23.325581395348838
1680,24.142857142857142,23.761904761904763
1681,24.333333333333332,23.976190476190474
1682,23.558139534883722,23.27906976744186
1683,23.642857142857142,23.357142857142858
1684,25.0,24.634146341463413
1685,24.11904761904762,23.785714285714285
1686,22.288888888888888,22.022222222222222
1687,23.86046511627907,23.511627906976745
1688,24.095238095238095,23.80952380952381
1689,24.51219512195122,24.24390243902439
1690,23.6046511627907,23.372093023255815
1691,24.5609756097561,24.24390243902439
1692,22.282608695652176,22.02173913043478
1693,24.0,23.761904761904763
1694,23.88095238095238,23.61904761904762
1695,22.355555555555554,22.0
1696,21.891304347826086,21.782608695652176
1697,22.391304347826086,22.108695652173914
1698,22.57777777777778,22.22222222222222
1699,23.068181818181817,22.636363636363637
1700,23.651162790697676,23.325581395348838
1701,23.53488372093023,23.27906976744186
1702,22.976744186046513,22.767441860465116
1703,23.272727272727273,22.931818181818183
1704,23.09090909090909,22.886363636363637
1705,23.558139534883722,23.302325581395348
1706,23.136363636363637,22.727272727272727
1707,23.53488372093023,23.162790697674417
1708,23.372093023255815,23.069767441860463
1709,23.522727272727273,23.113636363636363
1710,23.69047619047619,23.428571428571427
1711,22.822222222222223,22.488888888888887
1712,22.466666666666665,22.2
1713,22.886363636363637,22.545454545454547
1714,22.863636363636363,22.59090909090909
1715,21.872340425531913,21.574468085106382
1716,22.818181818181817,22.59090909090909
1717,22.333333333333332,22.08888888888889
1718,24.0,23.627906976744185
1719,24.333333333333332,23.833333333333332
1720,24.29268292682927,23.926829268292682
1721,23.930232558139537,23.627906976744185
1722,23.372093023255815,23.13953488372093
1723,24.390243902439025,24.024390243902438
1724,22.6,22.466666666666665
1725,24.071428571428573,23.761904761904763
1726,23.136363636363637,22.90909090909091
1727,22.043478260869566,21.82608695652174
1728,23.53488372093023,23.162790697674417
1729,25.45,24.975
1730,23.227272727272727,22.84090909090909
1731,23.738095238095237,23.547619047619047
1732,22.727272727272727,22.545454545454547
1733,21.680851063829788,21.361702127659573
1734,22.152173913043477,21.891304347826086
1735,22.65909090909091,22.477272727272727
1736,23.477272727272727,23.181818181818183
1737,22.488888888888887,22.244444444444444
1738,22.333333333333332,22.133333333333333
1739,21.67391304347826,21.41304347826087
1740,22.347826086956523,22.152173913043477
1741,22.75,22.477272727272727
1742,23.441860465116278,23.209302325581394
1743,23.068181818181817,22.84090909090909
1744,23.6046511627907,23.302325581395348
1745,23.25,22.84090909090909
1746,24.047619047619047,23.761904761904763
1747,22.22222222222222,22.022222222222222
1748,23.441860465116278,23.13953488372093
1749,24.11904761904762,23.80952380952381
1750,23.6046511627907,23.372093023255815
1751,24.214285714285715,23.857142857142858
1752,24.0,23.666666666666668
1753,22.90909090909091,22.75
1754,22.755555555555556,22.466666666666665
1755,22.613636363636363,22.363636363636363
1756,22.23913043478261,21.956521739130434
1757,21.70212765957447,21.404255319148938
1758,23.511627906976745,23.186046511627907
1759,23.302325581395348,23.0
1760,24.261904761904763,24.0
1761,22.977272727272727,22.636363636363637
1762,22.108695652173914,21.695652173913043
1763,23.928571428571427,23.523809523809526
1764,22.977777777777778,22.711111111111112
1765,22.681818181818183,22.477272727272727
1766,22.954545454545453,22.681818181818183
1767,22.347826086956523,22.130434782608695
1768,23.046511627906977,22.72093023255814
1769,21.354166666666668,21.145833333333332
1770,23.790697674418606,23.46511627906977
1771,23.162790697674417,22.767441860465116
1772,23.697674418604652,23.41860465116279
1773,23.74418604651163,23.441860465116278
1774,23.09090909090909,22.75
1775,23.904761904761905,23.69047619047619
1776,23.295454545454547,22.954545454545453
1777,21.804347826086957,21.608695652173914
1778,23.0,22.681818181818183
1779,23.511627906976745,23.069767441860463
1780,22.77777777777778,22.488888888888887
1781,23.697674418604652,23.232558139534884
1782,23.627906976744185,23.232558139534884
1783,23.045454545454547,22.727272727272727
1784,23.0,22.704545454545453
1785,24.0,23.69047619047619
1786,23.25,22.977272727272727
1787,23.88095238095238,23.547619047619047
1788,23.952380952380953,23.666666666666668
1789,21.53191489361702,21.319148936170212
1790,22.444444444444443,22.2
1791,21.97826086956522,21.82608695652174
1792,21.82608695652174,21.630434782608695
1793,21.74468085106383,21.5531914893617
1794,21.717391304347824,21.5
1795,21.893617021276597,21.617021276595743
1796,22.954545454545453,22.704545454545453
1797,23.302325581395348,23.023255813953487
1798,23.558139534883722,23.27906976744186
1799,23.204545454545453,22.931818181818183
1800,23.488372093023255,23.186046511627907
1801,23.09090909090909,22.65909090909091
1802,21.804347826086957,21.565217391304348
1803,22.844444444444445,22.488888888888887
1804,22.31111111111111,22.0
1805,22.68888888888889,22.377777777777776
1806,23.88372093023256,23.41860465116279
1807,21.891304347826086,21.608695652173914
1808,22.795454545454547,22.454545454545453
1809,22.555555555555557,22.22222222222222
1810,22.02173913043478,21.804347826086957
1811,23.53488372093023,23.13953488372093
1812,21.97826086956522,21.73913043478261
1813,22.282608695652176,21.97826086956522
1814,23.25581395348837,23.046511627906977
1815,24.214285714285715,23.761904761904763
1816,21.574468085106382,21.382978723404257
1817,22.77777777777778,22.533333333333335
1818,23.58139534883721,23.25581395348837
1819,22.266666666666666,22.08888888888889
1820,23.13953488372093,22.930232558139537
1821,23.295454545454547,22.977272727272727
1822,23.045454545454547,22.75
1823,23.46511627906977,23.11627906976744
1824,22.644444444444446,22.288888888888888
1825,23.441860465116278,23.11627906976744
1826,22.68888888888889,22.42222222222222
1827,21.041666666666668,20.791666666666668
1828,23.0,22.795454545454547
1829,22.863636363636363,22.568181818181817
1830,23.34090909090909,22.954545454545453
1831,21.148936170212767,21.04255319148936
1832,20.38,20.26
1833,22.533333333333335,22.133333333333333
1834,22.772727272727273,22.477272727272727
1835,24.142857142857142,23.80952380952381
1836,22.844444444444445,22.555555555555557
1837,22.0,21.844444444444445
1838,23.295454545454547,22.84090909090909
1839,22.217391304347824,21.934782608695652
1840,24.5609756097561,24.146341463414632
1841,22.266666666666666,22.044444444444444
1842,22.644444444444446,22.333333333333332
1843,23.651162790697676,23.348837209302324
1844,22.444444444444443,22.155555555555555
1845,23.477272727272727,23.045454545454547
1846,22.08888888888889,21.933333333333334
1847,23.46511627906977,23.232558139534884
1848,21.70212765957447,21.53191489361702
1849,22.511111111111113,22.2
1850,20.591836734693878,20.346938775510203
1851,20.833333333333332,20.625
1852,21.95744680851064,21.680851063829788
1853,22.333333333333332,22.177777777777777
1854,22.522727272727273,22.318181818181817
1855,23.044444444444444,22.68888888888889
1856,22.863636363636363,22.477272727272727
1857,22.711111111111112,22.4
1858,23.232558139534884,23.0
1859,23.697674418604652,23.302325581395348
1860,23.386363636363637,22.977272727272727
1861,21.319148936170212,21.06382978723404
1862,22.23913043478261,21.956521739130434
1863,22.533333333333335,22.244444444444444
1864,22.75,22.431818181818183
1865,23.3953488372093,23.093023255813954
1866,23.363636363636363,22.977272727272727
1867,23.41860465116279,23.069767441860463
1868,22.23913043478261,22.02173913043478
1869,22.90909090909091,22.65909090909091
1870,23.441860465116278,23.093023255813954
1871,23.068181818181817,22.818181818181817
1872,22.727272727272727,22.431818181818183
1873,23.813953488372093,23.58139534883721
1874,23.697674418604652,23.41860465116279
1875,23.441860465116278,23.093023255813954
1876,22.108695652173914,21.82608695652174
1877,22.377777777777776,22.11111111111111
1878,22.755555555555556,22.42222222222222
1879,23.46511627906977,23.162790697674417
1880,22.2,21.977777777777778
1881,22.68888888888889,22.555555555555557
1882,22.11111111111111,21.822222222222223
1883,22.844444444444445,22.555555555555557
1884,23.068181818181817,22.727272727272727
1885,23.697674418604652,23.209302325581394
1886,23.25581395348837,22.88372093023256
1887,22.955555555555556,22.6
1888,21.23404255319149,21.06382978723404
1889,22.333333333333332,22.044444444444444
1890,20.959183673469386,20.79591836734694
1891,21.5531914893617,21.21276595744681
1892,21.166666666666668,20.854166666666668
1893,22.043478260869566,21.782608695652176
1894,22.444444444444443,22.133333333333333
1895,22.288888888888888,22.066666666666666
1896,23.022727272727273,22.84090909090909
1897,22.555555555555557,22.333333333333332
1898,23.09090909090909,22.75
1899,23.181818181818183,22.818181818181817
1900,21.67391304347826,21.391304347826086
1901,23.25,22.977272727272727
1902,22.355555555555554,22.11111111111111
1903,21.340425531914892,21.06382978723404
1904,22.933333333333334,22.57777777777778
1905,22.533333333333335,22.155555555555555
1906,21.23404255319149,21.06382978723404
1907,20.489795918367346,20.306122448979593
1908,22.77777777777778,22.533333333333335
1909,23.022727272727273,22.681818181818183
1910,21.638297872340427,21.46808510638298
1911,23.022727272727273,22.75
1912,23.46511627906977,23.046511627906977
1913,21.76086956521739,21.5
1914,23.930232558139537,23.58139534883721
1915,22.863636363636363,22.545454545454547
1916,22.108695652173914,21.82608695652174
1917,21.5531914893617,21.319148936170212
1918,21.934782608695652,21.652173913043477
1919,21.340425531914892,21.106382978723403
1920,21.97872340425532,21.617021276595743
1921,22.886363636363637,22.59090909090909
1922,22.636363636363637,22.454545454545453
1923,22.26086956521739,22.08695652173913
1924,22.4,22.066666666666666
1925,22.77777777777778,22.377777777777776
1926,22.244444444444444,22.022222222222222
1927,23.113636363636363,22.863636363636363
1928,23.022727272727273,22.681818181818183
1929,23.09090909090909,22.727272727272727
1930,22.355555555555554,22.044444444444444
1931,22.5,22.152173913043477
1932,21.97826086956522,21.67391304347826
1933,21.29787234042553,20.95744680851064
1934,22.533333333333335,22.133333333333333
1935,22.57777777777778,22.244444444444444
1936,24.0,23.58139534883721
1937,22.931818181818183,22.613636363636363
1938,22.90909090909091,22.5
1939,23.0,22.555555555555557
1940,23.46511627906977,23.162790697674417
1941,21.76595744680851,21.48936170212766
1942,22.681818181818183,22.363636363636363
1943,22.755555555555556,22.444444444444443
1944,22.08888888888889,21.88888888888889
1945,22.456521739130434,22.17391304347826
1946,23.372093023255815,23.093023255813954
1947,22.84090909090909,22.613636363636363
1948,23.044444444444444,22.533333333333335
1949,22.0,21.711111111111112
1950,22.108695652173914,21.82608695652174
1951,23.318181818181817,22.977272727272727
1952,22.954545454545453,22.545454545454547
1953,22.977272727272727,22.704545454545453
1954,22.108695652173914,21.934782608695652
1955,21.97826086956522,21.782608695652176
1956,22.288888888888888,22.022222222222222
1957,21.70212765957447,21.4468085106383
1958,23.022727272727273,22.59090909090909
1959,22.266666666666666,21.977777777777778
1960,22.488888888888887,22.244444444444444
1961,22.195652173913043,21.869565217391305
1962,22.77777777777778,22.555555555555557
1963,21.97826086956522,21.652173913043477
1964,22.666666666666668,22.355555555555554
1965,22.75,22.522727272727273
1966,22.333333333333332,22.133333333333333
1967,21.91304347826087,21.58695652173913
1968,23.113636363636363,22.772727272727273
1969,23.0,22.555555555555557
1970,22.886363636363637,22.65909090909091
1971,22.488888888888887,22.266666666666666
1972,22.772727272727273,22.59090909090909
1973,23.181818181818183,22.886363636363637
1974,21.48936170212766,21.25531914893617
1975,22.84090909090909,22.613636363636363
1976,22.511111111111113,22.244444444444444
1977,22.931818181818183,22.545454545454547
1978,23.068181818181817,22.772727272727273
1979,23.813953488372093,23.41860465116279
1980,22.130434782608695,21.847826086956523
1981,22.155555555555555,21.933333333333334
1982,22.818181818181817,22.65909090909091
1983,22.130434782608695,21.891304347826086
1984,22.68888888888889,22.42222222222222
1985,21.97826086956522,21.67391304347826
1986,22.57777777777778,22.244444444444444
1987,24.19047619047619,23.857142857142858
1988,24.11904761904762,23.642857142857142
1989,23.136363636363637,22.818181818181817
1990,22.511111111111113,22.177777777777777
1991,22.977272727272727,22.65909090909091
1992,22.533333333333335,22.2
1993,23.58139534883721,23.186046511627907
1994,23.15909090909091,22.863636363636363
1995,25.3,24.7
1996,22.755555555555556,22.333333333333332
1997,22.977272727272727,22.681818181818183
1998,23.068181818181817,22.727272727272727
1999,22.90909090909091,22.59090909090909
2000,22.347826086956523,22.065217391304348
2001,22.466666666666665,22.133333333333333
2002,22.17391304347826,21.956521739130434
2003,23.558139534883722,23.13953488372093
2004,22.727272727272727,22.454545454545453
2005,22.6,22.22222222222222
2006,22.933333333333334,22.488888888888887
2007,22.622222222222224,22.333333333333332
2008,22.377777777777776,22.066666666666666
2009,21.847826086956523,21.58695652173913
2010,22.711111111111112,22.333333333333332
2011,23.627906976744185,23.25581395348837
2012,21.659574468085108,21.425531914893618
2013,22.727272727272727,22.522727272727273
2014,22.68888888888889,22.377777777777776
2015,22.130434782608695,21.76086956521739
2016,22.772727272727273,22.5
2017,22.666666666666668,22.244444444444444
2018,22.555555555555557,22.288888888888888
2019,21.4468085106383,21.127659574468087
2020,22.130434782608695,21.804347826086957
2021,22.02173913043478,21.73913043478261
2022,21.851063829787233,21.51063829787234
2023,22.65909090909091,22.386363636363637
2024,22.77777777777778,22.533333333333335
2025,23.045454545454547,22.772727272727273
2026,22.977272727272727,22.772727272727273
2027,22.431818181818183,22.204545454545453
2028,21.872340425531913,21.51063829787234
2029,23.227272727272727,22.954545454545453
2030,22.555555555555557,22.22222222222222
2031,22.130434782608695,21.652173913043477
2032,22.555555555555557,22.244444444444444
2033,22.90909090909091,22.59090909090909
2034,22.31111111111111,22.066666666666666
2035,22.8,22.511111111111113
2036,22.266666666666666,21.955555555555556
2037,21.229166666666668,21.0625
2038,21.630434782608695,21.456521739130434
2039,21.53191489361702,21.25531914893617
2040,22.666666666666668,22.4
2041,22.977272727272727,22.636363636363637
2042,21.80851063829787,21.53191489361702
2043,22.704545454545453,22.477272727272727
2044,22.822222222222223,22.511111111111113
2045,24.047619047619047,23.714285714285715
2046,22.355555555555554,22.044444444444444
2047,22.666666666666668,22.333333333333332
2048,21.1875,21.0
2049,20.408163265306122,20.183673469387756
2050,21.125,21.0
2051,22.90909090909091,22.636363636363637
2052,23.441860465116278,23.11627906976744
2053,23.295454545454547,22.931818181818183
2054,22.08695652173913,21.804347826086957
2055,24.0,23.571428571428573
2056,23.068181818181817,22.704545454545453
2057,23.136363636363637,22.863636363636363
2058,22.727272727272727,22.431818181818183
2059,21.851063829787233,21.574468085106382
2060,22.130434782608695,21.804347826086957
2061,22.02173913043478,21.695652173913043
2062,22.636363636363637,22.363636363636363
2063,23.477272727272727,23.15909090909091
2064,24.609756097560975,24.170731707317074
2065,22.931818181818183,22.65909090909091
2066,22.931818181818183,22.636363636363637
2067,23.545454545454547,23.09090909090909
2068,22.4,22.066666666666666
2069,22.886363636363637,22.5
2070,23.386363636363637,23.022727272727273
2071,22.772727272727273,22.454545454545453
2072,21.53191489361702,21.170212765957448
2073,22.08695652173913,21.804347826086957
2074,22.866666666666667,22.57777777777778
2075,22.681818181818183,22.454545454545453
2076,23.272727272727273,22.954545454545453
2077,22.795454545454547,22.454545454545453
2078,23.066666666666666,22.644444444444446
2079,22.795454545454547,22.522727272727273
2080,22.355555555555554,22.08888888888889
2081,22.844444444444445,22.488888888888887
2082,22.444444444444443,22.11111111111111
2083,23.0,22.636363636363637
2084,21.97826086956522,21.73913043478261
2085,22.466666666666665,22.066666666666666
2086,22.933333333333334,22.57777777777778
2087,22.22222222222222,21.955555555555556
2088,22.622222222222224,22.31111111111111
2089,22.818181818181817,22.59090909090909
2090,22.733333333333334,22.466666666666665
2091,23.162790697674417,22.88372093023256
2092,22.8,22.533333333333335
2093,22.886363636363637,22.65909090909091
2094,22.613636363636363,22.386363636363637
2095,22.5,22.217391304347824
2096,22.644444444444446,22.288888888888888
2097,21.695652173913043,21.456521739130434
2098,22.933333333333334,22.533333333333335
2099,23.325581395348838,22.930232558139537
2100,23.25,22.931818181818183
2101,22.6,22.266666666666666
2102,22.644444444444446,22.288888888888888
2103,23.785714285714285,23.404761904761905
2104,23.767441860465116,23.348837209302324
2105,22.444444444444443,22.177777777777777
2106,23.068181818181817,22.681818181818183
2107,21.72340425531915,21.4468085106383
2108,21.58695652173913,21.41304347826087
2109,21.851063829787233,21.617021276595743
2110,20.895833333333332,20.625
2111,21.4375,21.104166666666668
2112,23.022727272727273,22.65909090909091
2113,21.0625,20.833333333333332
2114,24.023809523809526,23.714285714285715
2115,22.333333333333332,22.08888888888889
2116,22.32608695652174,22.0
2117,22.31111111111111,21.933333333333334
2118,22.57777777777778,22.2
2119,22.369565217391305,22.02173913043478
2120,22.244444444444444,21.977777777777778
2121,22.0,21.717391304347824
2122,22.755555555555556,22.4
2123,22.954545454545453,22.727272727272727
2124,22.355555555555554,22.133333333333333
2125,21.78723404255319,21.46808510638298
2126,21.229166666666668,20.958333333333332
2127,22.795454545454547,22.522727272727273
2128,22.155555555555555,22.066666666666666
2129,22.32608695652174,21.97826086956522
2130,22.533333333333335,22.244444444444444
2131,22.59090909090909,22.25
2132,22.755555555555556,22.42222222222222
2133,20.918367346938776,20.714285714285715
2134,22.886363636363637,22.568181818181817
2135,21.595744680851062,21.29787234042553
2136,21.5531914893617,21.21276595744681
2137,22.954545454545453,22.636363636363637
2138,22.488888888888887,22.2
2139,21.319148936170212,21.106382978723403
2140,21.3125,21.104166666666668
2141,22.130434782608695,21.82608695652174
2142,22.17391304347826,21.847826086956523
2143,22.75,22.363636363636363
2144,20.836734693877553,20.53061224489796
2145,21.869565217391305,21.565217391304348
2146,23.86046511627907,23.41860465116279
2147,22.6,22.266666666666666
2148,21.425531914893618,21.127659574468087
2149,22.622222222222224,22.31111111111111
2150,21.70212765957447,21.425531914893618
2151,22.6,22.288888888888888
2152,23.302325581395348,23.0
2153,22.863636363636363,22.454545454545453
2154,21.78723404255319,21.48936170212766
2155,23.928571428571427,23.666666666666668
2156,22.152173913043477,21.869565217391305
2157,22.886363636363637,22.636363636363637
2158,21.574468085106382,21.340425531914892
2159,23.302325581395348,23.023255813953487
2160,22.844444444444445,22.6
2161,21.891304347826086,21.58695652173913
2162,22.065217391304348,21.82608695652174
2163,22.533333333333335,22.22222222222222
2164,23.72093023255814,23.46511627906977
2165,23.651162790697676,23.27906976744186
2166,23.186046511627907,22.767441860465116
2167,22.304347826086957,22.065217391304348
2168,24.19047619047619,23.69047619047619
2169,21.27659574468085,21.085106382978722
2170,24.38095238095238,23.928571428571427
2171,22.434782608695652,22.08695652173913
2172,23.785714285714285,23.428571428571427
2173,22.755555555555556,22.4
2174,22.886363636363637,22.431818181818183
2175,22.347826086956523,22.0
2176,21.680851063829788,21.425531914893618
2177,22.977272727272727,22.681818181818183
2178,22.195652173913043,21.847826086956523
2179,23.136363636363637,22.704545454545453
2180,23.952380952380953,23.595238095238095
2181,22.444444444444443,22.133333333333333
2182,21.70212765957447,21.46808510638298
2183,22.130434782608695,21.76086956521739
2184,21.782608695652176,21.52173913043478
2185,23.674418604651162,23.25581395348837
2186,22.704545454545453,22.477272727272727
2187,22.68888888888889,22.377777777777776
2188,23.813953488372093,23.325581395348838
2189,23.627906976744185,23.348837209302324
2190,22.31111111111111,22.066666666666666
2191,21.829787234042552,21.53191489361702
2192,22.488888888888887,22.266666666666666
2193,22.977272727272727,22.681818181818183
2194,22.065217391304348,21.82608695652174
2195,23.13953488372093,22.697674418604652
2196,22.32608695652174,22.065217391304348
2197,23.72093023255814,23.325581395348838
2198,22.818181818181817,22.568181818181817
2199,22.282608695652176,21.934782608695652
2200,23.181818181818183,22.818181818181817
2201,22.555555555555557,22.22222222222222
2202,22.488888888888887,22.22222222222222
2203,22.613636363636363,22.40909090909091
2204,21.97826086956522,21.782608695652176
2205,22.488888888888887,22.333333333333332
2206,22.886363636363637,22.59090909090909
2207,22.954545454545453,22.681818181818183
2208,22.711111111111112,22.4
2209,22.065217391304348,21.76086956521739
2210,22.755555555555556,22.355555555555554
2211,21.19148936170213,21.0
2212,22.68888888888889,22.288888888888888
2213,23.295454545454547,22.931818181818183
2214,23.302325581395348,23.023255813953487
2215,23.045454545454547,22.818181818181817
2216,23.627906976744185,23.25581395348837
2217,24.095238095238095,23.714285714285715
2218,22.666666666666668,22.333333333333332
2219,22.333333333333332,22.066666666666666
2220,22.369565217391305,22.02173913043478
2221,22.704545454545453,22.25
2222,22.822222222222223,22.42222222222222
2223,22.622222222222224,22.244444444444444
2224,22.644444444444446,22.31111111111111
2225,23.511627906976745,23.209302325581394
2226,22.511111111111113,22.2
2227,23.976190476190474,23.595238095238095
2228,23.59090909090909,23.181818181818183
2229,23.0,22.72093023255814
2230,23.86046511627907,23.488372093023255
2231,22.90909090909091,22.59090909090909
2232,23.022222222222222,22.68888888888889
2233,23.904761904761905,23.476190476190474
2234,22.931818181818183,22.545454545454547
2235,22.644444444444446,22.31111111111111
2236,23.09090909090909,22.681818181818183
2237,23.204545454545453,22.90909090909091
2238,22.31111111111111,22.08888888888889
2239,23.6046511627907,23.348837209302324
2240,22.57777777777778,22.377777777777776
2241,22.377777777777776,22.155555555555555
2242,21.891304347826086,21.47826086956522
2243,22.666666666666668,22.266666666666666
2244,23.068181818181817,22.795454545454547
2245,23.204545454545453,22.795454545454547
2246,22.152173913043477,21.91304347826087
2247,22.42222222222222,22.177777777777777
2248,21.956521739130434,21.695652173913043
2249,23.74418604651163,23.348837209302324
2250,22.2,22.022222222222222
2251,22.217391304347824,21.956521739130434
2252,23.093023255813954,22.86046511627907
2253,22.52173913043478,22.152173913043477
2254,22.977272727272727,22.59090909090909
2255,22.704545454545453,22.5
2256,21.416666666666668,21.125
2257,23.348837209302324,23.046511627906977
2258,23.558139534883722,23.209302325581394
2259,22.02173913043478,21.804347826086957
2260,22.733333333333334,22.355555555555554
2261,22.377777777777776,22.11111111111111
2262,22.17391304347826,21.869565217391305
2263,23.952380952380953,23.595238095238095
2264,20.816326530612244,20.632653061224488
2265,23.09090909090909,22.75
2266,22.355555555555554,22.11111111111111
2267,21.91304347826087,21.456521739130434
2268,21.5625,21.229166666666668
2269,22.75,22.5
2270,22.931818181818183,22.65909090909091
2271,22.304347826086957,22.043478260869566
2272,22.177777777777777,21.933333333333334
2273,22.622222222222224,22.31111111111111
2274,22.644444444444446,22.31111111111111
2275,21.76086956521739,21.41304347826087
2276,22.23913043478261,21.956521739130434
2277,23.136363636363637,22.795454545454547
2278,21.595744680851062,21.319148936170212
2279,21.3125,20.958333333333332
2280,23.348837209302324,23.023255813953487
2281,22.863636363636363,22.454545454545453
2282,22.08695652173913,21.782608695652176
2283,22.58695652173913,22.130434782608695
2284,23.113636363636363,22.727272727272727
2285,23.666666666666668,23.38095238095238
2286,24.38095238095238,23.88095238095238
2287,22.02173913043478,21.73913043478261
2288,23.09090909090909,22.65909090909091
2289,22.666666666666668,22.288888888888888
2290,22.282608695652176,22.043478260869566
2291,22.795454545454547,22.454545454545453
2292,23.25,22.863636363636363
2293,21.82608695652174,21.47826086956522
2294,22.6,22.22222222222222
2295,21.934782608695652,21.717391304347824
2296,21.914893617021278,21.595744680851062
2297,22.511111111111113,22.244444444444444
2298,22.57777777777778,22.155555555555555
2299,22.818181818181817,22.40909090909091
2300,22.644444444444446,22.4
2301,21.659574468085108,21.51063829787234
2302,22.931818181818183,22.681818181818183
2303,23.348837209302324,23.069767441860463
2304,21.083333333333332,20.875
2305,22.511111111111113,22.22222222222222
2306,23.34090909090909,23.0
2307,22.31111111111111,22.022222222222222
2308,22.065217391304348,21.82608695652174
2309,22.4,22.066666666666666
2310,22.68888888888889,22.266666666666666
2311,24.285714285714285,23.88095238095238
2312,22.444444444444443,22.177777777777777
2313,23.09090909090909,22.727272727272727
2314,21.574468085106382,21.319148936170212
2315,23.441860465116278,23.046511627906977
2316,22.733333333333334,22.488888888888887
2317,23.488372093023255,23.186046511627907
2318,23.6046511627907,23.325581395348838
2319,23.976190476190474,23.61904761904762
2320,23.767441860465116,23.3953488372093
2321,22.466666666666665,22.044444444444444
2322,22.0,21.76086956521739
2323,22.195652173913043,21.956521739130434
2324,21.956521739130434,21.73913043478261
2325,22.444444444444443,22.066666666666666
2326,23.318181818181817,22.90909090909091
2327,23.348837209302324,22.953488372093023
2328,23.6046511627907,23.162790697674417
2329,22.282608695652176,21.956521739130434
2330,22.772727272727273,22.477272727272727
2331,22.8,22.555555555555557
2332,22.555555555555557,22.288888888888888
2333,23.558139534883722,23.209302325581394
2334,23.441860465116278,23.046511627906977
2335,23.181818181818183,22.886363636363637
2336,23.113636363636363,22.84090909090909
2337,21.125,20.791666666666668
2338,21.82608695652174,21.391304347826086
2339,22.822222222222223,22.444444444444443
2340,22.886363636363637,22.522727272727273
2341,22.886363636363637,22.568181818181817
2342,22.622222222222224,22.288888888888888
2343,24.095238095238095,23.738095238095237
2344,22.23913043478261,21.91304347826087
2345,21.70212765957447,21.361702127659573
2346,21.72340425531915,21.48936170212766
2347,22.266666666666666,21.977777777777778
2348,22.282608695652176,21.934782608695652
2349,22.043478260869566,21.82608695652174
2350,22.863636363636363,22.5
2351,23.3953488372093,23.023255813953487
2352,21.80851063829787,21.53191489361702
2353,22.4,22.066666666666666
2354,21.829787234042552,21.5531914893617
2355,23.186046511627907,22.953488372093023
2356,21.72340425531915,21.46808510638298
2357,22.613636363636363,22.318181818181817
2358,23.59090909090909,23.295454545454547
2359,22.42222222222222,22.155555555555555
2360,21.76086956521739,21.41304347826087
2361,22.152173913043477,21.82608695652174
2362,22.75,22.454545454545453
2363,23.155555555555555,22.77777777777778
2364,23.511627906976745,23.023255813953487
2365,22.68888888888889,22.444444444444443
2366,23.302325581395348,22.930232558139537
2367,22.622222222222224,22.4
2368,22.043478260869566,21.73913043478261
2369,23.181818181818183,22.863636363636363
2370,22.6,22.155555555555555
2371,23.11627906976744,22.74418604651163
2372,22.804347826086957,22.304347826086957
2373,21.404255319148938,21.127659574468087
2374,22.727272727272727,22.59090909090909
2375,22.130434782608695,21.934782608695652
2376,23.0,22.704545454545453
2377,22.4,22.133333333333333
2378,20.775510204081634,20.571428571428573
2379,21.804347826086957,21.5
2380,22.17391304347826,21.956521739130434
2381,22.772727272727273,22.545454545454547
2382,22.886363636363637,22.522727272727273
2383,23.09090909090909,22.75
2384,21.914893617021278,21.595744680851062
2385,21.934782608695652,21.67391304347826
2386,22.57777777777778,22.333333333333332
2387,22.931818181818183,22.59090909090909
2388,21.97826086956522,21.73913043478261
2389,21.51063829787234,21.25531914893617
2390,23.25581395348837,22.906976744186046
2391,22.52173913043478,22.065217391304348
2392,22.931818181818183,22.59090909090909
2393,22.6,22.244444444444444
2394,22.304347826086957,21.97826086956522
2395,22.931818181818183,22.522727272727273
2396,22.130434782608695,21.82608695652174
2397,22.377777777777776,22.08888888888889
2398,22.333333333333332,22.022222222222222
2399,22.565217391304348,22.08695652173913
2400,21.782608695652176,21.347826086956523
2401,22.47826086956522,22.217391304347824
2402,22.155555555555555,21.755555555555556
2403,23.906976744186046,23.488372093023255
2404,23.272727272727273,22.818181818181817
2405,22.02173913043478,21.608695652173914
2406,22.4,22.044444444444444
2407,23.431818181818183,23.022727272727273
2408,21.595744680851062,21.404255319148938
2409,22.444444444444443,22.11111111111111
2410,23.25581395348837,22.953488372093023
2411,23.318181818181817,22.818181818181817
2412,22.933333333333334,22.622222222222224
2413,22.42222222222222,22.22222222222222
2414,22.545454545454547,22.25
2415,24.166666666666668,23.785714285714285
2416,22.282608695652176,21.956521739130434
2417,22.733333333333334,22.42222222222222
2418,23.022727272727273,22.681818181818183
2419,22.84090909090909,22.522727272727273
2420,22.733333333333334,22.42222222222222
2421,22.90909090909091,22.477272727272727
2422,23.068181818181817,22.704545454545453
2423,23.227272727272727,22.863636363636363
2424,22.866666666666667,22.466666666666665
2425,22.977272727272727,22.613636363636363
2426,22.622222222222224,22.288888888888888
2427,22.727272727272727,22.454545454545453
2428,22.68888888888889,22.333333333333332
2429,23.488372093023255,23.186046511627907
2430,22.666666666666668,22.31111111111111
2431,23.767441860465116,23.3953488372093
2432,23.41860465116279,23.11627906976744
2433,23.113636363636363,22.704545454545453
2434,22.733333333333334,22.31111111111111
2435,21.106382978723403,20.893617021276597
2436,22.106382978723403,21.74468085106383
2437,23.069767441860463,22.86046511627907
2438,23.11111111111111,22.622222222222224
2439,23.022727272727273,22.727272727272727
2440,22.08695652173913,21.717391304347824
2441,23.15909090909091,22.727272727272727
2442,22.666666666666668,22.2
2443,22.666666666666668,22.266666666666666
2444,23.558139534883722,23.186046511627907
2445,22.02173913043478,21.717391304347824
2446,22.931818181818183,22.545454545454547
2447,22.065217391304348,21.804347826086957
2448,21.782608695652176,21.52173913043478
2449,22.434782608695652,22.152173913043477
2450,23.558139534883722,23.046511627906977
2451,22.733333333333334,22.42222222222222
2452,22.5,22.15909090909091
2453,22.77777777777778,22.42222222222222
2454,21.638297872340427,21.319148936170212
2455,22.622222222222224,22.31111111111111
2456,22.17391304347826,21.91304347826087
2457,21.67391304347826,21.456521739130434
2458,21.51063829787234,21.23404255319149
2459,22.02173913043478,21.73913043478261
2460,21.872340425531913,21.595744680851062
2461,21.46808510638298,21.085106382978722
2462,22.304347826086957,21.934782608695652
2463,21.29787234042553,20.97872340425532
2464,22.304347826086957,21.869565217391305
2465,22.555555555555557,22.22222222222222
2466,21.27659574468085,21.02127659574468
2467,22.444444444444443,22.2
2468,21.333333333333332,21.0
2469,21.78723404255319,21.51063829787234
2470,22.863636363636363,22.454545454545453
2471,22.622222222222224,22.133333333333333
2472,23.045454545454547,22.681818181818183
2473,22.369565217391305,22.043478260869566
2474,22.22222222222222,21.88888888888889
2475,23.08888888888889,22.68888888888889
2476,22.266666666666666,21.977777777777778
2477,21.375,21.020833333333332
2478,23.27906976744186,22.813953488372093
2479,22.369565217391305,22.08695652173913
2480,21.956521739130434,21.67391304347826
2481,23.441860465116278,23.069767441860463
2482,22.195652173913043,21.934782608695652
2483,21.956521739130434,21.695652173913043
2484,22.0,21.717391304347824
2485,22.8,22.488888888888887
2486,22.22222222222222,21.866666666666667
2487,22.533333333333335,22.244444444444444
2488,21.70212765957447,21.340425531914892
2489,22.347826086956523,21.956521739130434
2490,23.80952380952381,23.285714285714285
2491,22.88888888888889,22.555555555555557
2492,23.767441860465116,23.325581395348838
2493,23.022727272727273,22.772727272727273
2494,23.348837209302324,23.023255813953487
2495,23.431818181818183,23.045454545454547
2496,23.181818181818183,22.65909090909091
2497,23.15909090909091,22.704545454545453
2498,21.782608695652176,21.47826086956522
2499,22.644444444444446,22.244444444444444
2500,23.511627906976745,23.11627906976744
2501,22.466666666666665,22.133333333333333
2502,22.434782608695652,22.152173913043477
2503,22.155555555555555,21.91111111111111
2504,23.09090909090909,22.75
2505,23.227272727272727,22.863636363636363
2506,23.0,22.613636363636363
2507,22.866666666666667,22.6
2508,23.3953488372093,23.13953488372093
2509,23.674418604651162,23.232558139534884
2510,21.956521739130434,21.630434782608695
2511,22.42222222222222,22.066666666666666
2512,22.23913043478261,21.91304347826087
2513,22.333333333333332,22.044444444444444
2514,22.108695652173914,21.82608695652174
2515,23.34090909090909,22.954545454545453
2516,20.775510204081634,20.510204081632654
2517,22.2,21.91111111111111
2518,22.488888888888887,22.244444444444444
2519,22.4,22.133333333333333
2520,22.333333333333332,22.066666666666666
2521,22.6,22.2
2522,22.369565217391305,22.195652173913043
2523,23.186046511627907,22.790697674418606
2524,21.680851063829788,21.361702127659573
2525,22.41304347826087,22.043478260869566
2526,21.78723404255319,21.382978723404257
2527,22.863636363636363,22.431818181818183
2528,22.511111111111113,22.22222222222222
2529,22.355555555555554,22.08888888888889
2530,23.068181818181817,22.772727272727273
2531,22.282608695652176,21.82608695652174
2532,23.0,22.613636363636363
2533,22.733333333333334,22.355555555555554
2534,23.674418604651162,23.13953488372093
2535,22.822222222222223,22.511111111111113
2536,22.533333333333335,22.133333333333333
2537,22.977272727272727,22.636363636363637
2538,21.53191489361702,21.319148936170212
2539,22.22222222222222,21.977777777777778
2540,22.543478260869566,22.02173913043478
2541,22.333333333333332,22.177777777777777
2542,22.954545454545453,22.545454545454547
2543,23.15909090909091,22.772727272727273
2544,22.511111111111113,22.2
2545,22.152173913043477,21.934782608695652
2546,22.533333333333335,22.244444444444444
2547,22.244444444444444,22.0
2548,22.543478260869566,22.08695652173913
2549,22.84090909090909,22.522727272727273
2550,23.15909090909091,22.75
2551,23.045454545454547,22.545454545454547
2552,21.956521739130434,21.717391304347824
2553,22.630434782608695,22.08695652173913
2554,22.444444444444443,22.177777777777777
2555,21.82608695652174,21.565217391304348
2556,22.844444444444445,22.466666666666665
2557,23.022727272727273,22.636363636363637
2558,22.863636363636363,22.568181818181817
2559,24.0,23.46511627906977
2560,21.97826086956522,21.630434782608695
2561,21.847826086956523,21.5
2562,21.1875,20.916666666666668
2563,22.644444444444446,22.22222222222222
2564,22.733333333333334,22.355555555555554
2565,22.8,22.4
2566,22.244444444444444,21.91111111111111
2567,23.15909090909091,22.931818181818183
2568,23.022727272727273,22.818181818181817
2569,22.65909090909091,22.295454545454547
2570,23.431818181818183,23.022727272727273
2571,23.136363636363637,22.704545454545453
2572,24.071428571428573,23.738095238095237
2573,23.790697674418606,23.3953488372093
2574,23.068181818181817,22.568181818181817
2575,22.844444444444445,22.488888888888887
2576,23.162790697674417,22.767441860465116
2577,22.866666666666667,22.355555555555554
2578,21.80851063829787,21.574468085106382
2579,22.488888888888887,22.266666666666666
2580,21.891304347826086,21.652173913043477
2581,21.847826086956523,21.565217391304348
2582,22.954545454545453,22.431818181818183
2583,20.93877551020408,20.6734693877551
2584,21.3125,21.104166666666668
2585,22.727272727272727,22.454545454545453
2586,23.976190476190474,23.666666666666668
2587,24.571428571428573,24.095238095238095
2588,23.113636363636363,22.818181818181817
2589,23.558139534883722,23.186046511627907
2590,24.29268292682927,23.975609756097562
2591,22.91111111111111,22.6
2592,23.976190476190474,23.523809523809526
2593,23.488372093023255,23.11627906976744
2594,23.72093023255814,23.41860465116279
2595,21.93617021276596,21.574468085106382
2596,22.333333333333332,22.044444444444444
2597,23.318181818181817,22.84090909090909
2598,22.75,22.34090909090909
2599,23.181818181818183,22.818181818181817
2600,23.204545454545453,22.84090909090909
2601,22.644444444444446,22.2
2602,23.813953488372093,23.209302325581394
2603,22.57777777777778,22.08888888888889
2604,22.085106382978722,21.680851063829788
2605,22.333333333333332,21.977777777777778
2606,22.282608695652176,21.956521739130434
2607,21.91304347826087,21.58695652173913
2608,23.045454545454547,22.863636363636363
2609,23.46511627906977,23.162790697674417
2610,22.26086956521739,21.869565217391305
2611,22.488888888888887,22.08888888888889
2612,21.333333333333332,20.9375
2613,21.67391304347826,21.32608695652174
2614,20.693877551020407,20.489795918367346
2615,22.5,22.065217391304348
2616,22.22222222222222,21.933333333333334
2617,21.638297872340427,21.382978723404257
2618,21.804347826086957,21.5
2619,22.844444444444445,22.42222222222222
2620,20.137254901960784,19.84313725490196
2621,21.145833333333332,20.854166666666668
2622,22.727272727272727,22.318181818181817
2623,22.02127659574468,21.617021276595743
2624,22.133333333333333,21.88888888888889
2625,22.511111111111113,22.177777777777777
2626,23.837209302325583,23.441860465116278
2627,22.866666666666667,22.488888888888887
2628,22.931818181818183,22.613636363636363
2629,21.70212765957447,21.319148936170212
2630,23.46511627906977,23.023255813953487
2631,22.8,22.355555555555554
2632,22.08695652173913,21.73913043478261
2633,22.152173913043477,21.73913043478261
2634,22.818181818181817,22.431818181818183
2635,22.57777777777778,22.133333333333333
2636,22.5,22.043478260869566
2637,23.697674418604652,23.209302325581394
2638,22.152173913043477,21.695652173913043
2639,21.617021276595743,21.361702127659573
2640,21.48936170212766,21.21276595744681
2641,23.227272727272727,22.75
2642,21.74468085106383,21.48936170212766
2643,21.97826086956522,21.608695652173914
2644,22.65909090909091,22.431818181818183
2645,22.733333333333334,22.444444444444443
2646,22.866666666666667,22.4
2647,22.0,21.695652173913043
2648,22.772727272727273,22.477272727272727
2649,23.022222222222222,22.57777777777778
2650,23.045454545454547,22.59090909090909
2651,21.74468085106383,21.29787234042553
2652,22.130434782608695,21.782608695652176
2653,22.75,22.522727272727273
2654,21.574468085106382,21.25531914893617
2655,21.270833333333332,21.0
2656,22.377777777777776,21.977777777777778
2657,21.956521739130434,21.565217391304348
2658,22.5,22.130434782608695
2659,22.772727272727273,22.431818181818183
2660,21.70212765957447,21.382978723404257
2661,23.0,22.727272727272727
2662,22.644444444444446,22.266666666666666
2663,22.555555555555557,22.22222222222222
2664,22.02173913043478,21.717391304347824
2665,21.617021276595743,21.382978723404257
2666,22.555555555555557,22.2
2667,23.488372093023255,23.093023255813954
2668,21.80851063829787,21.51063829787234
2669,21.717391304347824,21.434782608695652
2670,22.622222222222224,22.333333333333332
2671,22.195652173913043,21.82608695652174
2672,22.333333333333332,22.08888888888889
2673,22.6,22.266666666666666
2674,22.84090909090909,22.613636363636363
2675,22.282608695652176,22.0
2676,22.355555555555554,22.066666666666666
2677,21.80851063829787,21.574468085106382
2678,21.127659574468087,20.893617021276597
2679,22.954545454545453,22.681818181818183
2680,22.90909090909091,22.681818181818183
2681,22.32608695652174,22.0
2682,23.272727272727273,22.863636363636363
2683,22.288888888888888,22.022222222222222
2684,22.818181818181817,22.545454545454547
2685,22.644444444444446,22.288888888888888
2686,23.181818181818183,22.727272727272727
2687,22.108695652173914,21.782608695652176
2688,22.42222222222222,22.133333333333333
2689,22.844444444444445,22.6
2690,22.727272727272727,22.431818181818183
2691,21.893617021276597,21.617021276595743
2692,22.4,22.133333333333333
2693,22.511111111111113,22.22222222222222
2694,21.4468085106383,21.23404255319149
2695,22.4,22.022222222222222
2696,21.91304347826087,21.652173913043477
2697,21.851063829787233,21.680851063829788
2698,22.681818181818183,22.454545454545453
2699,22.355555555555554,22.08888888888889
2700,22.733333333333334,22.377777777777776
2701,23.0,22.59090909090909
2702,23.522727272727273,22.954545454545453
2703,22.355555555555554,22.066666666666666
2704,22.511111111111113,22.288888888888888
2705,22.622222222222224,22.333333333333332
2706,22.377777777777776,22.066666666666666
2707,23.454545454545453,23.022727272727273
2708,22.244444444444444,21.91111111111111
2709,22.644444444444446,22.355555555555554
2710,22.42222222222222,22.08888888888889
2711,22.88888888888889,22.533333333333335
2712,22.266666666666666,21.91111111111111
2713,24.536585365853657,24.048780487804876
2714,23.813953488372093,23.302325581395348
2715,23.454545454545453,23.068181818181817
2716,24.238095238095237,23.928571428571427
2717,23.785714285714285,23.476190476190474
2718,23.386363636363637,23.0
2719,22.931818181818183,22.681818181818183
2720,22.304347826086957,21.956521739130434
2721,22.886363636363637,22.59090909090909
2722,23.674418604651162,23.25581395348837
2723,23.25,22.75
2724,24.357142857142858,23.904761904761905
2725,23.022727272727273,22.59090909090909
2726,22.84090909090909,22.522727272727273
2727,22.217391304347824,21.934782608695652
2728,23.511627906976745,23.069767441860463
2729,21.5531914893617,21.29787234042553
2730,21.97826086956522,21.717391304347824
2731,21.166666666666668,20.895833333333332
2732,21.847826086956523,21.58695652173913
2733,22.0,21.617021276595743
2734,22.931818181818183,22.636363636363637
2735,21.595744680851062,21.29787234042553
2736,21.574468085106382,21.29787234042553
2737,21.125,20.854166666666668
2738,21.956521739130434,21.5
2739,21.78723404255319,21.53191489361702
2740,22.31111111111111,21.955555555555556
2741,22.6,22.266666666666666
2742,21.51063829787234,21.25531914893617
2743,21.680851063829788,21.404255319148938
2744,22.733333333333334,22.377777777777776
2745,23.209302325581394,22.837209302325583
2746,23.066666666666666,22.644444444444446
2747,22.108695652173914,21.695652173913043
2748,20.75,20.416666666666668
2749,22.08695652173913,21.717391304347824
2750,22.043478260869566,21.73913043478261
2751,23.08888888888889,22.644444444444446
2752,22.75,22.477272727272727
2753,22.555555555555557,22.22222222222222
2754,22.795454545454547,22.545454545454547
2755,21.97872340425532,21.638297872340427
2756,23.227272727272727,22.84090909090909
2757,22.533333333333335,22.244444444444444
2758,21.933333333333334,21.68888888888889
2759,23.976744186046513,23.53488372093023
2760,21.851063829787233,21.53191489361702
2761,22.22222222222222,21.866666666666667
2762,22.4,22.08888888888889
2763,22.954545454545453,22.727272727272727
2764,22.755555555555556,22.355555555555554
2765,21.74468085106383,21.53191489361702
2766,22.954545454545453,22.613636363636363
2767,22.755555555555556,22.42222222222222
2768,21.58695652173913,21.304347826086957
2769,21.574468085106382,21.25531914893617
2770,21.617021276595743,21.404255319148938
2771,20.591836734693878,20.367346938775512
2772,20.918367346938776,20.571428571428573
2773,21.51063829787234,21.29787234042553
2774,22.22222222222222,22.022222222222222
2775,22.88888888888889,22.57777777777778
2776,23.11627906976744,22.88372093023256
2777,23.651162790697676,23.25581395348837
2778,21.5531914893617,21.340425531914892
2779,20.918367346938776,20.551020408163264
2780,22.75,22.40909090909091
2781,22.933333333333334,22.466666666666665
2782,22.288888888888888,22.0
2783,23.09090909090909,22.636363636363637
2784,22.565217391304348,22.217391304347824
2785,20.551020408163264,20.3265306122449
2786,21.934782608695652,21.695652173913043
2787,21.29787234042553,20.97872340425532
2788,22.282608695652176,21.97826086956522
2789,21.956521739130434,21.652173913043477
2790,21.97826086956522,21.58695652173913
2791,22.0,21.72340425531915
2792,21.934782608695652,21.652173913043477
2793,21.382978723404257,21.106382978723403
2794,21.91304347826087,21.652173913043477
2795,21.70212765957447,21.425531914893618
2796,21.574468085106382,21.361702127659573
2797,20.916666666666668,20.666666666666668
2798,22.17391304347826,21.891304347826086
2799,22.644444444444446,22.355555555555554
2800,22.644444444444446,22.22222222222222
2801,23.11627906976744,22.72093023255814
2802,20.775510204081634,20.46938775510204
2803,23.431818181818183,23.068181818181817
2804,22.42222222222222,22.066666666666666
2805,21.956521739130434,21.695652173913043
2806,21.595744680851062,21.404255319148938
2807,23.09090909090909,22.75
2808,21.847826086956523,21.608695652173914
2809,22.31111111111111,22.0
2810,22.52173913043478,22.26086956521739
2811,21.695652173913043,21.369565217391305
2812,22.043478260869566,21.782608695652176
2813,23.813953488372093,23.3953488372093
2814,21.804347826086957,21.565217391304348
2815,21.851063829787233,21.51063829787234
2816,21.869565217391305,21.630434782608695
2817,21.869565217391305,21.652173913043477
2818,22.666666666666668,22.42222222222222
2819,22.818181818181817,22.568181818181817
2820,21.97826086956522,21.73913043478261
2821,23.46511627906977,23.069767441860463
2822,22.434782608695652,22.130434782608695
2823,22.57777777777778,22.2
2824,21.1875,20.895833333333332
2825,21.425531914893618,21.106382978723403
2826,22.555555555555557,22.2
2827,22.355555555555554,22.022222222222222
2828,23.477272727272727,23.15909090909091
2829,24.261904761904763,23.69047619047619
2830,23.295454545454547,22.84090909090909
2831,22.555555555555557,22.133333333333333
2832,22.42222222222222,22.133333333333333
2833,23.3953488372093,23.046511627906977
2834,23.386363636363637,23.09090909090909
2835,22.613636363636363,22.295454545454547
2836,21.829787234042552,21.617021276595743
2837,22.244444444444444,22.044444444444444
2838,22.217391304347824,21.782608695652176
2839,23.58139534883721,23.209302325581394
2840,23.325581395348838,23.046511627906977
2841,22.52173913043478,22.195652173913043
2842,22.488888888888887,22.22222222222222
2843,21.956521739130434,21.630434782608695
2844,23.068181818181817,22.75
2845,23.045454545454547,22.636363636363637
2846,20.32,20.08
2847,21.27659574468085,21.02127659574468
2848,22.533333333333335,22.244444444444444
2849,22.466666666666665,22.11111111111111
2850,22.217391304347824,21.91304347826087
2851,22.511111111111113,22.2
2852,21.659574468085108,21.29787234042553
2853,22.977272727272727,22.477272727272727
2854,22.26086956521739,21.956521739130434
2855,22.88888888888889,22.466666666666665
2856,23.25581395348837,22.906976744186046
2857,23.40909090909091,22.977272727272727
2858,23.045454545454547,22.613636363636363
2859,22.511111111111113,22.2
2860,22.333333333333332,22.08888888888889
2861,22.304347826086957,21.934782608695652
2862,22.23913043478261,21.891304347826086
2863,22.065217391304348,21.67391304347826
2864,23.045454545454547,22.59090909090909
2865,22.108695652173914,21.782608695652176
2866,22.152173913043477,21.76086956521739
2867,23.74418604651163,23.27906976744186
2868,22.266666666666666,21.955555555555556
2869,22.217391304347824,21.956521739130434
2870,22.977272727272727,22.59090909090909
2871,23.022727272727273,22.613636363636363
2872,23.522727272727273,23.113636363636363
2873,23.09090909090909,22.75
2874,22.75,22.431818181818183
2875,22.043478260869566,21.804347826086957
2876,23.0,22.681818181818183
2877,21.166666666666668,20.9375
2878,21.891304347826086,21.608695652173914
2879,21.70212765957447,21.382978723404257
2880,22.355555555555554,22.044444444444444
2881,23.295454545454547,22.886363636363637
2882,21.829787234042552,21.48936170212766
2883,21.76086956521739,21.456521739130434
2884,21.91304347826087,21.630434782608695
2885,22.217391304347824,21.91304347826087
2886,21.291666666666668,20.979166666666668
2887,20.979166666666668,20.729166666666668
2888,22.90909090909091,22.5
2889,23.068181818181817,22.772727272727273
2890,21.404255319148938,21.106382978723403
2891,22.106382978723403,21.680851063829788
2892,20.73469387755102,20.408163265306122
2893,21.82608695652174,21.456521739130434
2894,22.02127659574468,21.595744680851062
2895,21.5531914893617,21.19148936170213
2896,21.229166666666668,21.0
2897,22.444444444444443,22.177777777777777
2898,23.204545454545453,22.727272727272727
2899,21.67391304347826,21.41304347826087
2900,21.425531914893618,21.23404255319149
2901,21.416666666666668,21.166666666666668
2902,21.1875,20.833333333333332
2903,22.704545454545453,22.431818181818183
2904,21.97826086956522,21.76086956521739
2905,23.72093023255814,23.441860465116278
2906,23.045454545454547,22.613636363636363
2907,22.288888888888888,21.977777777777778
2908,23.613636363636363,23.15909090909091
2909,23.204545454545453,22.818181818181817
2910,22.244444444444444,21.955555555555556
2911,21.76595744680851,21.404255319148938
2912,22.304347826086957,21.869565217391305
2913,21.782608695652176,21.456521739130434
2914,21.78723404255319,21.4468085106383
2915,22.22222222222222,21.866666666666667
2916,22.8,22.57777777777778
2917,22.22222222222222,21.8
2918,21.604166666666668,21.3125
2919,21.847826086956523,21.608695652173914
2920,21.829787234042552,21.404255319148938
2921,20.75,20.520833333333332
2922,22.644444444444446,22.22222222222222
2923,21.893617021276597,21.53191489361702
2924,21.48936170212766,21.19148936170213
2925,21.617021276595743,21.382978723404257
2926,21.91304347826087,21.608695652173914
2927,21.956521739130434,21.782608695652176
2928,23.488372093023255,23.186046511627907
2929,22.91111111111111,22.377777777777776
2930,20.34,20.04
2931,21.041666666666668,20.791666666666668
2932,22.90909090909091,22.40909090909091
2933,21.479166666666668,21.166666666666668
2934,22.666666666666668,22.155555555555555
2935,22.155555555555555,21.933333333333334
2936,23.15909090909091,22.886363636363637
2937,23.295454545454547,22.886363636363637
2938,23.093023255813954,22.72093023255814
2939,21.625,21.3125
2940,22.886363636363637,22.477272727272727
2941,22.17391304347826,21.869565217391305
2942,22.666666666666668,22.22222222222222
2943,22.511111111111113,22.2
2944,22.711111111111112,22.31111111111111
2945,22.333333333333332,22.022222222222222
2946,22.977272727272727,22.65909090909091
2947,22.043478260869566,21.73913043478261
2948,23.25,22.795454545454547
2949,23.0,22.5
2950,22.02127659574468,21.72340425531915
2951,22.488888888888887,22.08888888888889
2952,20.755102040816325,20.428571428571427
2953,22.42222222222222,22.066666666666666
2954,24.428571428571427,23.952380952380953
2955,22.90909090909091,22.431818181818183
2956,22.23913043478261,22.0
2957,21.74468085106383,21.361702127659573
2958,21.847826086956523,21.543478260869566
2959,23.0,22.613636363636363
2960,23.181818181818183,22.90909090909091
2961,23.045454545454547,22.727272727272727
2962,23.15909090909091,22.727272727272727
2963,21.91304347826087,21.58695652173913
2964,23.15909090909091,22.84090909090909
2965,21.829787234042552,21.48936170212766
2966,22.152173913043477,21.76086956521739
2967,22.772727272727273,22.363636363636363
2968,23.674418604651162,23.186046511627907
2969,21.102040816326532,20.836734693877553
2970,22.08888888888889,21.733333333333334
2971,22.41304347826087,22.0
2972,23.837209302325583,23.372093023255815
2973,20.73469387755102,20.428571428571427
2974,21.4468085106383,21.23404255319149
2975,22.02173913043478,21.804347826086957
2976,23.348837209302324,22.953488372093023
2977,23.181818181818183,22.84090909090909
2978,22.466666666666665,22.08888888888889
2979,20.979591836734695,20.714285714285715
2980,20.6734693877551,20.448979591836736
2981,23.651162790697676,23.27906976744186
2982,23.325581395348838,22.86046511627907
2983,22.933333333333334,22.511111111111113
2984,21.574468085106382,21.148936170212767
2985,22.90909090909091,22.522727272727273
2986,23.044444444444444,22.644444444444446
2987,23.857142857142858,23.523809523809526
2988,22.733333333333334,22.355555555555554
2989,25.1,24.65
2990,23.318181818181817,23.0
2991,23.952380952380953,23.571428571428573
