iteration,episode_return_mean,episode_len_mean
0,15.903225806451612,15.870967741935484
1,15.625,15.625
2,15.78125,15.71875
3,16.4,16.366666666666667
4,15.9375,15.90625
5,15.40625,15.40625
6,14.194444444444445,14.194444444444445
7,13.472222222222221,13.472222222222221
8,14.083333333333334,14.083333333333334
9,13.210526315789474,13.210526315789474
10,12.146341463414634,12.146341463414634
11,12.023809523809524,12.023809523809524
12,11.295454545454545,11.295454545454545
13,11.744186046511627,11.744186046511627
14,11.674418604651162,11.674418604651162
15,11.534883720930232,11.534883720930232
16,11.295454545454545,11.295454545454545
17,11.244444444444444,11.244444444444444
18,10.73913043478261,10.73913043478261
19,10.847826086956522,10.847826086956522
20,11.11111111111111,11.11111111111111
21,11.627906976744185,11.627906976744185
22,10.5,10.5
23,10.956521739130435,10.956521739130435
24,12.461538461538462,12.461538461538462
25,10.479166666666666,10.479166666666666
26,12.071428571428571,12.071428571428571
27,10.25,10.25
28,11.454545454545455,11.454545454545455
29,11.066666666666666,11.066666666666666
30,12.871794871794872,12.871794871794872
31,12.7,12.7
32,12.973684210526315,12.973684210526315
33,12.365853658536585,12.365853658536585
34,13.0,13.0
35,12.195121951219512,12.195121951219512
36,12.170731707317072,12.097560975609756
37,12.675,12.675
38,14.114285714285714,14.114285714285714
39,13.833333333333334,13.833333333333334
40,12.487804878048781,12.463414634146341
41,14.257142857142858,14.257142857142858
42,13.75,13.75
43,15.375,15.375
44,13.837837837837839,13.81081081081081
45,15.5625,15.5625
46,13.162162162162161,13.162162162162161
47,12.974358974358974,12.974358974358974
48,14.676470588235293,14.676470588235293
49,14.514285714285714,14.514285714285714
50,14.285714285714286,14.285714285714286
51,14.027777777777779,14.027777777777779
52,14.757575757575758,14.727272727272727
53,14.027777777777779,14.027777777777779
54,14.371428571428572,14.371428571428572
55,12.794871794871796,12.76923076923077
56,13.342105263157896,13.31578947368421
57,14.848484848484848,14.848484848484848
58,14.055555555555555,14.055555555555555
59,15.75,15.75
60,14.588235294117647,14.588235294117647
61,14.93939393939394,14.93939393939394
62,14.676470588235293,14.676470588235293
63,14.257142857142858,14.257142857142858
64,15.424242424242424,15.424242424242424
65,14.882352941176471,14.882352941176471
66,14.909090909090908,14.909090909090908
67,15.375,15.375
68,14.794117647058824,14.794117647058824
69,15.090909090909092,15.090909090909092
70,15.84375,15.84375
71,15.903225806451612,15.903225806451612
72,14.628571428571428,14.628571428571428
73,15.090909090909092,15.090909090909092
74,15.090909090909092,15.090909090909092
75,15.090909090909092,15.090909090909092
76,14.823529411764707,14.823529411764707
77,15.303030303030303,15.303030303030303
78,14.257142857142858,14.257142857142858
79,16.161290322580644,16.161290322580644
80,15.28125,15.28125
81,16.225806451612904,16.129032258064516
82,15.0,14.911764705882353
83,15.625,15.625
84,16.666666666666668,16.666666666666668
85,15.3125,15.28125
86,17.137931034482758,17.137931034482758
87,16.161290322580644,16.129032258064516
88,17.689655172413794,17.689655172413794
89,16.032258064516128,16.032258064516128
90,14.941176470588236,14.941176470588236
91,14.323529411764707,14.294117647058824
92,14.285714285714286,14.257142857142858
93,15.272727272727273,15.272727272727273
94,15.393939393939394,15.393939393939394
95,14.142857142857142,14.114285714285714
96,16.322580645161292,16.322580645161292
97,17.714285714285715,17.678571428571427
98,15.59375,15.5625
99,16.9,16.9
100,15.25,15.25
101,15.575757575757576,15.575757575757576
102,15.935483870967742,15.935483870967742
103,16.566666666666666,16.566666666666666
104,15.65625,15.65625
105,15.424242424242424,15.424242424242424
106,13.216216216216216,13.216216216216216
107,15.78125,15.78125
108,16.766666666666666,16.766666666666666
109,15.5625,15.46875
110,16.833333333333332,16.766666666666666
111,14.764705882352942,14.764705882352942
112,16.2,16.2
113,15.84375,15.8125
114,16.35483870967742,16.35483870967742
115,15.151515151515152,15.121212121212121
116,15.151515151515152,15.151515151515152
117,17.20689655172414,17.20689655172414
118,15.272727272727273,15.272727272727273
119,15.40625,15.40625
120,16.161290322580644,16.161290322580644
121,16.533333333333335,16.466666666666665
122,15.96875,15.9375
123,16.2,16.2
124,15.575757575757576,15.575757575757576
125,13.052631578947368,13.026315789473685
126,14.314285714285715,14.314285714285715
127,16.129032258064516,16.096774193548388
128,15.46875,15.46875
129,14.823529411764707,14.823529411764707
130,16.35483870967742,16.35483870967742
131,17.714285714285715,17.678571428571427
132,17.482758620689655,17.482758620689655
133,14.969696969696969,14.969696969696969
134,15.65625,15.65625
135,17.06896551724138,17.06896551724138
136,16.966666666666665,16.966666666666665
137,17.0,16.93103448275862
138,16.35483870967742,16.35483870967742
139,17.0,16.96551724137931
140,15.75,15.71875
141,15.78125,15.75
142,16.5,16.4
143,14.428571428571429,14.4
144,15.625,15.59375
145,16.258064516129032,16.258064516129032
146,16.129032258064516,16.129032258064516
147,16.6,16.6
148,16.161290322580644,16.161290322580644
149,15.8125,15.78125
150,17.607142857142858,17.607142857142858
151,14.735294117647058,14.735294117647058
152,14.969696969696969,14.969696969696969
153,15.0,15.0
154,13.916666666666666,13.916666666666666
155,14.142857142857142,14.142857142857142
156,16.096774193548388,16.06451612903226
157,15.870967741935484,15.870967741935484
158,17.1,17.1
159,16.06451612903226,16.032258064516128
160,15.303030303030303,15.303030303030303
161,15.34375,15.34375
162,15.8125,15.8125
163,15.935483870967742,15.935483870967742
164,15.71875,15.6875
165,14.735294117647058,14.735294117647058
166,15.935483870967742,15.870967741935484
167,14.714285714285714,14.714285714285714
168,15.741935483870968,15.741935483870968
169,14.194444444444445,14.194444444444445
170,15.59375,15.5625
171,15.65625,15.65625
172,16.6,16.6
173,16.322580645161292,16.322580645161292
174,14.676470588235293,14.647058823529411
175,14.93939393939394,14.93939393939394
176,14.93939393939394,14.93939393939394
177,14.941176470588236,14.941176470588236
178,14.257142857142858,14.257142857142858
179,14.882352941176471,14.882352941176471
180,16.533333333333335,16.5
181,17.482758620689655,17.24137931034483
182,16.566666666666666,16.533333333333335
183,13.621621621621621,13.567567567567568
184,16.193548387096776,16.161290322580644
185,15.303030303030303,15.272727272727273
186,12.973684210526315,12.947368421052632
187,15.303030303030303,15.303030303030303
188,16.333333333333332,16.333333333333332
189,16.28125,16.1875
190,16.4,16.366666666666667
191,15.0,15.0
192,15.181818181818182,15.151515151515152
193,16.451612903225808,16.451612903225808
194,15.46875,15.40625
195,14.911764705882353,14.911764705882353
196,15.903225806451612,15.903225806451612
197,14.941176470588236,14.911764705882353
198,15.78125,15.71875
199,16.3,16.266666666666666
200,17.275862068965516,17.24137931034483
201,15.59375,15.59375
202,14.685714285714285,14.657142857142857
203,17.607142857142858,17.571428571428573
204,18.59259259259259,18.59259259259259
205,17.06896551724138,17.06896551724138
206,17.310344827586206,17.310344827586206
207,17.714285714285715,17.714285714285715
208,18.107142857142858,18.107142857142858
209,17.642857142857142,17.642857142857142
210,17.137931034482758,17.03448275862069
211,17.862068965517242,17.82758620689655
212,15.96774193548387,15.935483870967742
213,16.9,16.866666666666667
214,16.433333333333334,16.433333333333334
215,15.90625,15.90625
216,17.821428571428573,17.785714285714285
217,17.06896551724138,16.96551724137931
218,15.5625,15.5625
219,15.090909090909092,15.090909090909092
220,14.617647058823529,14.617647058823529
221,14.705882352941176,14.705882352941176
222,15.71875,15.71875
223,16.516129032258064,16.516129032258064
224,16.333333333333332,16.3
225,15.0,15.0
226,17.724137931034484,17.724137931034484
227,15.75,15.75
228,16.233333333333334,16.233333333333334
229,17.033333333333335,16.966666666666665
230,16.0,16.0
231,16.225806451612904,16.193548387096776
232,16.266666666666666,16.233333333333334
233,16.125,16.125
234,16.266666666666666,16.266666666666666
235,16.612903225806452,16.612903225806452
236,16.032258064516128,16.032258064516128
237,14.028571428571428,14.028571428571428
238,16.258064516129032,16.225806451612904
239,16.633333333333333,16.6
240,16.633333333333333,16.633333333333333
241,15.454545454545455,15.424242424242424
242,16.566666666666666,16.566666666666666
243,16.35483870967742,16.29032258064516
244,17.24137931034483,17.24137931034483
245,16.129032258064516,16.129032258064516
246,14.285714285714286,14.285714285714286
247,16.161290322580644,16.161290322580644
248,14.228571428571428,14.2
249,16.06451612903226,16.06451612903226
250,18.0,18.0
251,15.96875,15.96875
252,14.028571428571428,14.028571428571428
253,16.451612903225808,16.451612903225808
254,16.9,16.866666666666667
255,15.838709677419354,15.838709677419354
256,15.5625,15.5625
257,16.0,16.0
258,15.212121212121213,15.181818181818182
259,14.882352941176471,14.882352941176471
260,17.482758620689655,17.448275862068964
261,17.06896551724138,17.03448275862069
262,16.433333333333334,16.433333333333334
263,16.612903225806452,16.612903225806452
264,16.896551724137932,16.896551724137932
265,16.419354838709676,16.419354838709676
266,14.285714285714286,14.257142857142858
267,15.40625,15.375
268,17.551724137931036,17.551724137931036
269,15.625,15.59375
270,17.392857142857142,17.392857142857142
271,16.29032258064516,16.29032258064516
272,16.225806451612904,16.225806451612904
273,15.030303030303031,15.030303030303031
274,15.363636363636363,15.363636363636363
275,15.151515151515152,15.151515151515152
276,16.466666666666665,16.4
277,17.928571428571427,17.892857142857142
278,15.625,15.625
279,14.2,14.2
280,17.517241379310345,17.517241379310345
281,14.4,14.4
282,16.566666666666666,16.533333333333335
283,16.387096774193548,16.35483870967742
284,17.137931034482758,17.137931034482758
285,16.266666666666666,16.266666666666666
286,15.303030303030303,15.303030303030303
287,16.193548387096776,16.193548387096776
288,15.46875,15.46875
289,17.24137931034483,17.24137931034483
290,16.548387096774192,16.548387096774192
291,16.633333333333333,16.633333333333333
292,15.96774193548387,15.96774193548387
293,16.0,15.96774193548387
294,17.482758620689655,17.448275862068964
295,16.29032258064516,16.29032258064516
296,15.5,15.5
297,16.666666666666668,16.666666666666668
298,16.433333333333334,16.4
299,17.275862068965516,17.275862068965516
300,15.5625,15.5625
301,15.121212121212121,15.121212121212121
302,16.466666666666665,16.466666666666665
303,17.724137931034484,17.724137931034484
304,18.074074074074073,18.0
305,16.833333333333332,16.833333333333332
306,15.575757575757576,15.545454545454545
307,15.0625,15.03125
308,15.272727272727273,15.272727272727273
309,17.133333333333333,17.133333333333333
310,16.06451612903226,16.06451612903226
311,16.333333333333332,16.3
312,15.875,15.875
313,15.363636363636363,15.363636363636363
314,15.090909090909092,15.090909090909092
315,15.121212121212121,15.121212121212121
316,15.59375,15.5625
317,15.75,15.75
318,15.53125,15.53125
319,14.969696969696969,14.969696969696969
320,13.916666666666666,13.88888888888889
321,13.833333333333334,13.805555555555555
322,15.9375,15.875
323,15.78125,15.78125
324,14.294117647058824,14.294117647058824
325,16.0,16.0
326,17.06896551724138,17.03448275862069
327,17.310344827586206,17.275862068965516
328,14.878787878787879,14.878787878787879
329,16.0625,16.0625
330,16.82758620689655,16.82758620689655
331,16.225806451612904,16.225806451612904
332,16.8,16.8
333,15.774193548387096,15.741935483870968
334,16.741935483870968,16.741935483870968
335,16.79310344827586,16.79310344827586
336,16.387096774193548,16.35483870967742
337,15.84375,15.84375
338,16.896551724137932,16.862068965517242
339,15.029411764705882,15.029411764705882
340,15.151515151515152,15.121212121212121
341,15.46875,15.46875
342,14.969696969696969,14.969696969696969
343,15.5,15.46875
344,15.59375,15.5625
345,16.866666666666667,16.866666666666667
346,15.363636363636363,15.303030303030303
347,15.78125,15.78125
348,13.216216216216216,13.216216216216216
349,15.5625,15.5625
350,16.8,16.766666666666666
351,17.066666666666666,17.066666666666666
352,17.821428571428573,17.821428571428573
353,18.0,17.962962962962962
354,19.615384615384617,19.46153846153846
355,17.448275862068964,17.448275862068964
356,16.7,16.7
357,17.344827586206897,17.344827586206897
358,17.24137931034483,17.17241379310345
359,17.103448275862068,17.06896551724138
360,16.6,16.6
361,16.5,16.466666666666665
362,17.137931034482758,17.137931034482758
363,17.79310344827586,17.79310344827586
364,15.65625,15.65625
365,17.275862068965516,17.275862068965516
366,17.785714285714285,17.785714285714285
367,15.151515151515152,15.151515151515152
368,16.466666666666665,16.466666666666665
369,16.29032258064516,16.258064516129032
370,17.0,17.0
371,16.933333333333334,16.933333333333334
372,15.181818181818182,15.181818181818182
373,15.96774193548387,15.96774193548387
374,14.705882352941176,14.647058823529411
375,17.892857142857142,17.857142857142858
376,16.225806451612904,16.161290322580644
377,15.030303030303031,15.030303030303031
378,16.258064516129032,16.258064516129032
379,14.0,13.972222222222221
380,15.28125,15.28125
381,15.029411764705882,15.029411764705882
382,16.258064516129032,16.258064516129032
383,15.64516129032258,15.64516129032258
384,16.322580645161292,16.322580645161292
385,16.933333333333334,16.933333333333334
386,16.93103448275862,16.93103448275862
387,16.483870967741936,16.483870967741936
388,15.5,15.46875
389,15.212121212121213,15.212121212121213
390,15.21875,15.21875
391,17.0,17.0
392,14.114285714285714,14.114285714285714
393,14.93939393939394,14.93939393939394
394,17.689655172413794,17.689655172413794
395,17.642857142857142,17.642857142857142
396,16.03125,15.96875
397,14.264705882352942,14.264705882352942
398,14.314285714285715,14.314285714285715
399,14.771428571428572,14.742857142857142
400,15.03125,15.0
401,17.2,17.2
402,16.7,16.7
403,17.0,17.0
404,16.966666666666665,16.966666666666665
405,15.96774193548387,15.96774193548387
406,15.333333333333334,15.333333333333334
407,14.787878787878787,14.787878787878787
408,14.571428571428571,14.571428571428571
409,17.214285714285715,17.214285714285715
410,17.620689655172413,17.620689655172413
411,18.59259259259259,18.59259259259259
412,17.03448275862069,17.03448275862069
413,18.77777777777778,18.77777777777778
414,16.8,16.8
415,16.75862068965517,16.75862068965517
416,15.90625,15.875
417,16.258064516129032,16.225806451612904
418,14.142857142857142,14.142857142857142
419,12.974358974358974,12.974358974358974
420,15.6875,15.6875
421,16.333333333333332,16.3
422,15.6875,15.65625
423,16.06451612903226,16.06451612903226
424,15.363636363636363,15.363636363636363
425,17.75,17.714285714285715
426,17.24137931034483,17.24137931034483
427,15.903225806451612,15.903225806451612
428,17.133333333333333,17.133333333333333
429,15.34375,15.34375
430,14.25,14.25
431,15.5625,15.53125
432,15.03125,15.03125
433,15.515151515151516,15.515151515151516
434,16.433333333333334,16.433333333333334
435,18.178571428571427,18.142857142857142
436,17.785714285714285,17.785714285714285
437,17.344827586206897,17.275862068965516
438,17.20689655172414,17.20689655172414
439,17.785714285714285,17.75
440,17.448275862068964,17.448275862068964
441,15.3125,15.3125
442,16.677419354838708,16.677419354838708
443,15.903225806451612,15.903225806451612
444,14.764705882352942,14.764705882352942
445,15.78125,15.78125
446,16.586206896551722,16.586206896551722
447,17.133333333333333,17.133333333333333
448,14.852941176470589,14.852941176470589
449,15.59375,15.5625
450,16.96551724137931,16.93103448275862
451,13.81081081081081,13.81081081081081
452,15.64516129032258,15.64516129032258
453,16.580645161290324,16.580645161290324
454,17.928571428571427,17.928571428571427
455,15.625,15.59375
456,16.06451612903226,16.06451612903226
457,16.8,16.766666666666666
458,15.625,15.59375
459,16.266666666666666,16.266666666666666
460,15.272727272727273,15.272727272727273
461,14.083333333333334,14.083333333333334
462,14.470588235294118,14.470588235294118
463,17.06896551724138,17.06896551724138
464,16.833333333333332,16.833333333333332
465,17.586206896551722,17.586206896551722
466,16.93103448275862,16.93103448275862
467,16.6,16.6
468,16.29032258064516,16.29032258064516
469,13.972222222222221,13.972222222222221
470,16.724137931034484,16.689655172413794
471,17.413793103448278,17.413793103448278
472,18.814814814814813,18.814814814814813
473,15.375,15.375
474,16.419354838709676,16.35483870967742
475,16.8,16.8
476,17.344827586206897,17.310344827586206
477,17.06896551724138,17.06896551724138
478,17.379310344827587,17.379310344827587
479,17.392857142857142,17.392857142857142
480,17.928571428571427,17.928571428571427
481,16.387096774193548,16.387096774193548
482,14.676470588235293,14.676470588235293
483,16.193548387096776,16.193548387096776
484,13.45945945945946,13.432432432432432
485,14.4,14.4
486,13.54054054054054,13.513513513513514
487,14.705882352941176,14.705882352941176
488,14.028571428571428,14.028571428571428
489,16.29032258064516,16.29032258064516
490,16.9,16.866666666666667
491,16.129032258064516,16.129032258064516
492,14.676470588235293,14.676470588235293
493,16.266666666666666,16.266666666666666
494,16.419354838709676,16.419354838709676
495,15.34375,15.34375
496,16.06451612903226,16.06451612903226
497,16.125,16.09375
498,15.40625,15.40625
499,14.647058823529411,14.647058823529411
500,15.935483870967742,15.935483870967742
501,16.933333333333334,16.9
502,16.966666666666665,16.966666666666665
503,19.36,19.32
504,16.966666666666665,16.933333333333334
505,16.322580645161292,16.322580645161292
506,14.735294117647058,14.735294117647058
507,17.357142857142858,17.357142857142858
508,17.033333333333335,17.033333333333335
509,15.5625,15.5625
510,17.535714285714285,17.535714285714285
511,17.0,17.0
512,17.75,17.714285714285715
513,16.8,16.8
514,18.22222222222222,18.22222222222222
515,16.548387096774192,16.483870967741936
516,17.75,17.714285714285715
517,14.485714285714286,14.485714285714286
518,16.06451612903226,16.06451612903226
519,16.689655172413794,16.689655172413794
520,18.321428571428573,18.321428571428573
521,17.642857142857142,17.642857142857142
522,17.448275862068964,17.448275862068964
523,16.7,16.7
524,15.903225806451612,15.903225806451612
525,17.20689655172414,17.20689655172414
526,15.78125,15.78125
527,15.212121212121213,15.212121212121213
528,17.5,17.5
529,17.0,17.0
530,17.06896551724138,17.03448275862069
531,17.310344827586206,17.275862068965516
532,15.242424242424242,15.242424242424242
533,16.06451612903226,16.032258064516128
534,17.642857142857142,17.607142857142858
535,17.166666666666668,17.166666666666668
536,17.310344827586206,17.275862068965516
537,17.75,17.75
538,17.03448275862069,17.03448275862069
539,18.296296296296298,18.296296296296298
540,17.620689655172413,17.620689655172413
541,16.6,16.6
542,15.21875,15.21875
543,15.727272727272727,15.696969696969697
544,16.633333333333333,16.633333333333333
545,15.40625,15.40625
546,16.03125,15.9375
547,15.59375,15.59375
548,16.0,16.0
549,16.533333333333335,16.533333333333335
550,15.0,15.0
551,14.909090909090908,14.909090909090908
552,15.9375,15.9375
553,14.911764705882353,14.911764705882353
554,14.428571428571429,14.428571428571429
555,17.0,16.96551724137931
556,16.06451612903226,16.06451612903226
557,17.137931034482758,17.103448275862068
558,17.275862068965516,17.275862068965516
559,15.333333333333334,15.333333333333334
560,14.764705882352942,14.764705882352942
561,16.6,16.6
562,14.852941176470589,14.852941176470589
563,16.3,16.3
564,16.06451612903226,16.032258064516128
565,16.125,16.125
566,17.88888888888889,17.88888888888889
567,15.424242424242424,15.424242424242424
568,16.096774193548388,16.096774193548388
569,13.263157894736842,13.263157894736842
570,12.794871794871796,12.794871794871796
571,13.210526315789474,13.210526315789474
572,18.666666666666668,18.666666666666668
573,16.096774193548388,16.06451612903226
574,18.40740740740741,18.37037037037037
575,17.892857142857142,17.892857142857142
576,17.103448275862068,17.06896551724138
577,16.193548387096776,16.193548387096776
578,16.93103448275862,16.93103448275862
579,17.413793103448278,17.379310344827587
580,15.9375,15.90625
581,15.6875,15.6875
582,17.24137931034483,17.24137931034483
583,17.785714285714285,17.785714285714285
584,16.7,16.7
585,18.444444444444443,18.40740740740741
586,17.928571428571427,17.928571428571427
587,17.03448275862069,17.03448275862069
588,17.964285714285715,17.964285714285715
589,16.666666666666668,16.666666666666668
590,15.181818181818182,15.181818181818182
591,14.647058823529411,14.647058823529411
592,16.096774193548388,16.096774193548388
593,16.225806451612904,16.225806451612904
594,17.137931034482758,17.103448275862068
595,15.53125,15.5
596,18.25,18.25
597,16.161290322580644,16.161290322580644
598,19.23076923076923,19.153846153846153
599,17.714285714285715,17.714285714285715
600,17.06896551724138,17.0
601,17.17241379310345,17.17241379310345
602,15.59375,15.59375
603,15.71875,15.71875
604,15.030303030303031,15.030303030303031
605,14.8,14.8
606,18.692307692307693,18.692307692307693
607,18.285714285714285,18.25
608,18.22222222222222,18.185185185185187
609,16.322580645161292,16.29032258064516
610,16.06451612903226,16.06451612903226
611,17.785714285714285,17.785714285714285
612,19.0,18.96153846153846
613,18.666666666666668,18.62962962962963
614,17.655172413793103,17.655172413793103
615,17.892857142857142,17.892857142857142
616,16.766666666666666,16.766666666666666
617,17.03448275862069,17.0
618,16.161290322580644,16.161290322580644
619,15.46875,15.46875
620,18.51851851851852,18.51851851851852
621,16.966666666666665,16.933333333333334
622,17.20689655172414,17.20689655172414
623,17.464285714285715,17.464285714285715
624,15.454545454545455,15.454545454545455
625,17.607142857142858,17.607142857142858
626,16.733333333333334,16.7
627,14.628571428571428,14.571428571428571
628,16.7,16.7
629,18.576923076923077,18.53846153846154
630,19.11111111111111,19.11111111111111
631,16.5,16.466666666666665
632,18.703703703703702,18.703703703703702
633,19.153846153846153,19.153846153846153
634,16.129032258064516,16.096774193548388
635,15.96774193548387,15.935483870967742
636,17.310344827586206,17.310344827586206
637,17.857142857142858,17.857142857142858
638,17.448275862068964,17.448275862068964
639,16.96551724137931,16.93103448275862
640,17.20689655172414,17.20689655172414
641,16.161290322580644,16.161290322580644
642,15.393939393939394,15.393939393939394
643,16.193548387096776,16.193548387096776
644,16.166666666666668,16.166666666666668
645,15.59375,15.59375
646,17.82758620689655,17.79310344827586
647,16.724137931034484,16.724137931034484
648,16.64516129032258,16.64516129032258
649,15.870967741935484,15.870967741935484
650,17.928571428571427,17.892857142857142
651,14.941176470588236,14.941176470588236
652,15.935483870967742,15.935483870967742
653,15.6875,15.6875
654,17.413793103448278,17.413793103448278
655,20.041666666666668,20.041666666666668
656,17.551724137931036,17.551724137931036
657,17.344827586206897,17.310344827586206
658,15.8125,15.8125
659,16.133333333333333,16.133333333333333
660,15.606060606060606,15.606060606060606
661,16.06451612903226,16.06451612903226
662,17.5,17.5
663,18.0,17.964285714285715
664,14.735294117647058,14.735294117647058
665,17.607142857142858,17.607142857142858
666,14.542857142857143,14.542857142857143
667,15.363636363636363,15.363636363636363
668,16.766666666666666,16.733333333333334
669,17.75,17.75
670,16.689655172413794,16.689655172413794
671,15.696969696969697,15.696969696969697
672,16.6,16.6
673,16.733333333333334,16.733333333333334
674,17.571428571428573,17.571428571428573
675,16.93103448275862,16.93103448275862
676,16.0625,16.0625
677,16.566666666666666,16.566666666666666
678,18.76923076923077,18.76923076923077
679,17.75862068965517,17.75862068965517
680,17.464285714285715,17.464285714285715
681,16.666666666666668,16.666666666666668
682,18.428571428571427,18.357142857142858
683,16.366666666666667,16.366666666666667
684,18.142857142857142,18.142857142857142
685,18.807692307692307,18.807692307692307
686,17.607142857142858,17.571428571428573
687,19.14814814814815,19.11111111111111
688,17.714285714285715,17.714285714285715
689,16.966666666666665,16.966666666666665
690,17.642857142857142,17.607142857142858
691,15.46875,15.4375
692,19.03846153846154,19.0
693,19.074074074074073,19.074074074074073
694,18.48148148148148,18.444444444444443
695,16.258064516129032,16.258064516129032
696,15.741935483870968,15.741935483870968
697,17.551724137931036,17.551724137931036
698,17.103448275862068,17.06896551724138
699,17.607142857142858,17.5
700,15.545454545454545,15.545454545454545
701,14.485714285714286,14.485714285714286
702,17.962962962962962,17.962962962962962
703,17.714285714285715,17.714285714285715
704,18.5,18.464285714285715
705,17.20689655172414,17.20689655172414
706,16.724137931034484,16.724137931034484
707,17.233333333333334,17.233333333333334
708,17.5,17.464285714285715
709,16.451612903225808,16.451612903225808
710,18.37037037037037,18.37037037037037
711,14.823529411764707,14.823529411764707
712,17.962962962962962,17.962962962962962
713,16.387096774193548,16.387096774193548
714,16.633333333333333,16.633333333333333
715,17.448275862068964,17.448275862068964
716,16.6,16.566666666666666
717,17.607142857142858,17.571428571428573
718,17.607142857142858,17.607142857142858
719,15.78125,15.75
720,15.181818181818182,15.181818181818182
721,17.103448275862068,17.103448275862068
722,16.612903225806452,16.580645161290324
723,15.903225806451612,15.870967741935484
724,16.833333333333332,16.8
725,16.6,16.6
726,17.892857142857142,17.857142857142858
727,17.133333333333333,17.066666666666666
728,15.870967741935484,15.870967741935484
729,17.964285714285715,17.928571428571427
730,18.22222222222222,18.22222222222222
731,14.558823529411764,14.558823529411764
732,16.1875,16.1875
733,16.06451612903226,16.06451612903226
734,18.692307692307693,18.692307692307693
735,17.275862068965516,17.275862068965516
736,15.088235294117647,15.088235294117647
737,16.666666666666668,16.666666666666668
738,16.566666666666666,16.566666666666666
739,16.161290322580644,16.129032258064516
740,17.24137931034483,17.24137931034483
741,15.030303030303031,15.0
742,17.714285714285715,17.714285714285715
743,16.766666666666666,16.766666666666666
744,17.0,17.0
745,16.0,16.0
746,16.7,16.7
747,14.735294117647058,14.735294117647058
748,15.71875,15.71875
749,15.6875,15.6875
750,18.37037037037037,18.333333333333332
751,17.357142857142858,17.357142857142858
752,17.93103448275862,17.896551724137932
753,17.714285714285715,17.678571428571427
754,16.258064516129032,16.193548387096776
755,14.529411764705882,14.529411764705882
756,16.193548387096776,16.193548387096776
757,16.4,16.4
758,16.161290322580644,16.161290322580644
759,16.633333333333333,16.6
760,15.242424242424242,15.242424242424242
761,15.78125,15.75
762,16.419354838709676,16.419354838709676
763,13.914285714285715,13.885714285714286
764,15.088235294117647,15.058823529411764
765,13.527777777777779,13.527777777777779
766,15.484848484848484,15.454545454545455
767,16.387096774193548,16.29032258064516
768,17.428571428571427,17.428571428571427
769,17.17241379310345,17.17241379310345
770,17.689655172413794,17.689655172413794
771,17.24137931034483,17.20689655172414
772,18.40740740740741,18.40740740740741
773,18.14814814814815,18.14814814814815
774,16.516129032258064,16.516129032258064
775,15.96774193548387,15.935483870967742
776,15.424242424242424,15.424242424242424
777,16.1,16.1
778,15.9375,15.9375
779,15.4375,15.40625
780,17.344827586206897,17.344827586206897
781,18.62962962962963,18.62962962962963
782,17.379310344827587,17.344827586206897
783,16.533333333333335,16.533333333333335
784,16.7,16.666666666666668
785,18.555555555555557,18.555555555555557
786,17.344827586206897,17.344827586206897
787,16.466666666666665,16.4
788,17.066666666666666,17.033333333333335
789,16.96551724137931,16.93103448275862
790,16.633333333333333,16.6
791,17.482758620689655,17.482758620689655
792,16.193548387096776,16.193548387096776
793,17.535714285714285,17.5
794,16.866666666666667,16.833333333333332
795,18.77777777777778,18.77777777777778
796,19.0,18.96153846153846
797,17.103448275862068,17.103448275862068
798,16.516129032258064,16.516129032258064
799,17.857142857142858,17.785714285714285
800,16.033333333333335,16.033333333333335
801,16.225806451612904,16.225806451612904
802,16.516129032258064,16.516129032258064
803,16.93103448275862,16.93103448275862
804,17.655172413793103,17.655172413793103
805,17.642857142857142,17.642857142857142
806,18.62962962962963,18.59259259259259
807,16.233333333333334,16.233333333333334
808,18.357142857142858,18.357142857142858
809,18.555555555555557,18.555555555555557
810,19.6,19.6
811,18.51851851851852,18.51851851851852
812,18.464285714285715,18.428571428571427
813,19.26923076923077,19.153846153846153
814,17.24137931034483,17.24137931034483
815,14.93939393939394,14.93939393939394
816,16.933333333333334,16.933333333333334
817,16.586206896551722,16.586206896551722
818,16.25,16.25
819,17.571428571428573,17.571428571428573
820,17.310344827586206,17.310344827586206
821,16.8,16.8
822,17.535714285714285,17.5
823,16.4,16.4
824,15.96875,15.96875
825,16.322580645161292,16.322580645161292
826,17.75,17.75
827,17.20689655172414,17.20689655172414
828,18.48148148148148,18.444444444444443
829,16.225806451612904,16.225806451612904
830,16.4,16.4
831,16.322580645161292,16.29032258064516
832,15.71875,15.71875
833,16.6,16.6
834,17.321428571428573,17.321428571428573
835,16.4375,16.25
836,16.79310344827586,16.79310344827586
837,15.90625,15.90625
838,14.529411764705882,14.5
839,16.0,16.0
840,16.862068965517242,16.862068965517242
841,16.666666666666668,16.666666666666668
842,18.035714285714285,18.035714285714285
843,17.137931034482758,17.137931034482758
844,15.454545454545455,15.424242424242424
845,16.5,16.5
846,17.03448275862069,17.03448275862069
847,16.483870967741936,16.483870967741936
848,16.433333333333334,16.433333333333334
849,16.866666666666667,16.866666666666667
850,16.666666666666668,16.666666666666668
851,15.903225806451612,15.903225806451612
852,17.857142857142858,17.857142857142858
853,18.666666666666668,18.62962962962963
854,17.482758620689655,17.448275862068964
855,15.67741935483871,15.612903225806452
856,16.03125,16.03125
857,14.787878787878787,14.787878787878787
858,15.9375,15.90625
859,16.566666666666666,16.566666666666666
860,16.032258064516128,16.032258064516128
861,16.35483870967742,16.35483870967742
862,15.5625,15.5625
863,16.258064516129032,16.258064516129032
864,17.310344827586206,17.310344827586206
865,14.909090909090908,14.878787878787879
866,16.633333333333333,16.633333333333333
867,17.689655172413794,17.655172413793103
868,18.884615384615383,18.884615384615383
869,17.551724137931036,17.551724137931036
870,18.807692307692307,18.807692307692307
871,17.892857142857142,17.892857142857142
872,16.225806451612904,16.225806451612904
873,15.625,15.625
874,14.823529411764707,14.823529411764707
875,16.7,16.7
876,16.566666666666666,16.566666666666666
877,16.6,16.6
878,15.333333333333334,15.272727272727273
879,13.805555555555555,13.805555555555555
880,14.028571428571428,14.028571428571428
881,17.24137931034483,17.20689655172414
882,17.066666666666666,17.066666666666666
883,16.82758620689655,16.82758620689655
884,15.484848484848484,15.424242424242424
885,18.107142857142858,18.035714285714285
886,17.642857142857142,17.607142857142858
887,16.161290322580644,16.161290322580644
888,16.387096774193548,16.387096774193548
889,17.821428571428573,17.821428571428573
890,18.37037037037037,18.37037037037037
891,17.75,17.75
892,17.275862068965516,17.17241379310345
893,17.413793103448278,17.413793103448278
894,16.689655172413794,16.689655172413794
895,18.178571428571427,18.142857142857142
896,18.0,17.928571428571427
897,18.74074074074074,18.666666666666668
898,18.703703703703702,18.666666666666668
899,20.208333333333332,20.125
900,17.133333333333333,17.133333333333333
901,15.78125,15.78125
902,18.807692307692307,18.807692307692307
903,18.285714285714285,18.285714285714285
904,17.678571428571427,17.678571428571427
905,15.625,15.625
906,17.964285714285715,17.964285714285715
907,17.785714285714285,17.785714285714285
908,16.5,16.5
909,17.857142857142858,17.857142857142858
910,16.933333333333334,16.933333333333334
911,15.612903225806452,15.612903225806452
912,17.066666666666666,17.066666666666666
913,17.392857142857142,17.392857142857142
914,19.0,18.962962962962962
915,17.964285714285715,17.964285714285715
916,17.962962962962962,17.925925925925927
917,19.037037037037038,19.0
918,17.448275862068964,17.413793103448278
919,16.129032258064516,16.129032258064516
920,17.928571428571427,17.892857142857142
921,17.88888888888889,17.85185185185185
922,18.214285714285715,18.214285714285715
923,17.892857142857142,17.857142857142858
924,16.193548387096776,16.161290322580644
925,16.032258064516128,16.032258064516128
926,17.607142857142858,17.607142857142858
927,17.379310344827587,17.379310344827587
928,17.275862068965516,17.275862068965516
929,16.8,16.8
930,16.833333333333332,16.833333333333332
931,15.030303030303031,15.0
932,16.387096774193548,16.387096774193548
933,16.620689655172413,16.620689655172413
934,18.285714285714285,18.285714285714285
935,16.93103448275862,16.862068965517242
936,16.0,16.0
937,16.2,16.2
938,15.6875,15.625
939,16.0625,15.96875
940,17.928571428571427,17.928571428571427
941,20.04,20.0
942,18.035714285714285,18.035714285714285
943,18.25925925925926,18.25925925925926
944,19.96,19.92
945,20.666666666666668,20.666666666666668
946,18.0,18.0
947,16.533333333333335,16.533333333333335
948,17.413793103448278,17.379310344827587
949,17.857142857142858,17.821428571428573
950,15.806451612903226,15.806451612903226
951,18.214285714285715,18.178571428571427
952,18.333333333333332,18.333333333333332
953,17.928571428571427,17.928571428571427
954,17.310344827586206,17.310344827586206
955,17.586206896551722,17.586206896551722
956,17.392857142857142,17.392857142857142
957,17.482758620689655,17.482758620689655
958,16.322580645161292,16.29032258064516
959,19.307692307692307,19.307692307692307
960,17.0,16.96551724137931
961,17.379310344827587,17.379310344827587
962,17.571428571428573,17.571428571428573
963,16.933333333333334,16.933333333333334
964,15.25,15.25
965,18.392857142857142,18.392857142857142
966,19.44,19.44
967,19.46153846153846,19.46153846153846
968,19.692307692307693,19.653846153846153
969,18.923076923076923,18.884615384615383
970,17.964285714285715,17.928571428571427
971,17.857142857142858,17.785714285714285
972,15.78125,15.78125
973,16.225806451612904,16.225806451612904
974,17.25,17.25
975,15.545454545454545,15.515151515151516
976,16.666666666666668,16.666666666666668
977,16.366666666666667,16.366666666666667
978,17.103448275862068,17.103448275862068
979,17.482758620689655,17.482758620689655
980,17.75,17.75
981,18.666666666666668,18.666666666666668
982,18.071428571428573,18.035714285714285
983,15.741935483870968,15.709677419354838
984,17.655172413793103,17.620689655172413
985,19.384615384615383,19.384615384615383
986,16.06451612903226,16.06451612903226
987,14.969696969696969,14.969696969696969
988,16.06451612903226,16.06451612903226
989,17.066666666666666,17.066666666666666
990,17.275862068965516,17.275862068965516
991,17.75,17.75
992,17.03448275862069,17.03448275862069
993,17.571428571428573,17.571428571428573
994,18.428571428571427,18.392857142857142
995,15.64516129032258,15.64516129032258
996,17.821428571428573,17.821428571428573
997,19.25925925925926,19.185185185185187
998,17.925925925925927,17.88888888888889
999,17.413793103448278,17.413793103448278
1000,18.321428571428573,18.321428571428573
1001,18.185185185185187,18.185185185185187
1002,16.258064516129032,16.193548387096776
1003,16.833333333333332,16.833333333333332
1004,19.307692307692307,19.26923076923077
1005,17.962962962962962,17.962962962962962
1006,19.037037037037038,19.0
1007,18.074074074074073,18.074074074074073
1008,16.533333333333335,16.533333333333335
1009,17.551724137931036,17.551724137931036
1010,16.966666666666665,16.966666666666665
1011,16.566666666666666,16.566666666666666
1012,16.655172413793103,16.655172413793103
1013,16.8,16.8
1014,17.655172413793103,17.655172413793103
1015,18.37037037037037,18.37037037037037
1016,16.933333333333334,16.933333333333334
1017,17.178571428571427,17.178571428571427
1018,15.117647058823529,15.117647058823529
1019,16.566666666666666,16.566666666666666
1020,17.964285714285715,17.964285714285715
1021,16.433333333333334,16.433333333333334
1022,17.517241379310345,17.517241379310345
1023,18.62962962962963,18.62962962962963
1024,17.785714285714285,17.785714285714285
1025,18.0,18.0
1026,17.535714285714285,17.535714285714285
1027,16.225806451612904,16.225806451612904
1028,16.29032258064516,16.29032258064516
1029,19.153846153846153,19.153846153846153
1030,18.333333333333332,18.333333333333332
1031,17.310344827586206,17.310344827586206
1032,19.423076923076923,19.423076923076923
1033,17.88888888888889,17.88888888888889
1034,19.346153846153847,19.346153846153847
1035,19.53846153846154,19.5
1036,16.866666666666667,16.833333333333332
1037,15.030303030303031,15.030303030303031
1038,19.03846153846154,19.03846153846154
1039,18.962962962962962,18.962962962962962
1040,19.192307692307693,19.192307692307693
1041,16.193548387096776,16.161290322580644
1042,17.06896551724138,17.06896551724138
1043,16.3,16.266666666666666
1044,16.129032258064516,16.129032258064516
1045,15.8125,15.8125
1046,17.379310344827587,17.379310344827587
1047,18.035714285714285,18.0
1048,16.133333333333333,16.133333333333333
1049,16.29032258064516,16.29032258064516
1050,16.483870967741936,16.451612903225808
1051,15.806451612903226,15.806451612903226
1052,15.84375,15.84375
1053,19.46153846153846,19.423076923076923
1054,17.285714285714285,17.285714285714285
1055,19.807692307692307,19.807692307692307
1056,19.076923076923077,19.076923076923077
1057,18.807692307692307,18.807692307692307
1058,16.870967741935484,16.70967741935484
1059,15.5,15.5
1060,15.6875,15.6875
1061,16.366666666666667,16.366666666666667
1062,15.212121212121213,15.212121212121213
1063,18.11111111111111,18.074074074074073
1064,16.387096774193548,16.387096774193548
1065,17.655172413793103,17.655172413793103
1066,15.1875,15.1875
1067,17.620689655172413,17.586206896551722
1068,16.161290322580644,16.161290322580644
1069,15.838709677419354,15.774193548387096
1070,19.192307692307693,19.192307692307693
1071,18.59259259259259,18.59259259259259
1072,18.0,17.964285714285715
1073,18.88888888888889,18.85185185185185
1074,16.4,16.4
1075,18.25925925925926,18.25925925925926
1076,17.0,16.933333333333334
1077,18.444444444444443,18.40740740740741
1078,19.46153846153846,19.46153846153846
1079,18.22222222222222,18.185185185185187
1080,18.666666666666668,18.666666666666668
1081,17.75,17.714285714285715
1082,16.933333333333334,16.933333333333334
1083,17.448275862068964,17.448275862068964
1084,17.714285714285715,17.714285714285715
1085,15.8125,15.78125
1086,15.903225806451612,15.903225806451612
1087,15.71875,15.6875
1088,18.40740740740741,18.40740740740741
1089,17.517241379310345,17.517241379310345
1090,18.846153846153847,18.807692307692307
1091,15.90625,15.90625
1092,15.212121212121213,15.212121212121213
1093,16.533333333333335,16.533333333333335
1094,16.466666666666665,16.466666666666665
1095,14.878787878787879,14.878787878787879
1096,18.178571428571427,18.178571428571427
1097,18.107142857142858,18.107142857142858
1098,18.62962962962963,18.62962962962963
1099,18.923076923076923,18.923076923076923
1100,17.06896551724138,17.06896551724138
1101,17.857142857142858,17.821428571428573
1102,16.933333333333334,16.933333333333334
1103,16.193548387096776,16.193548387096776
1104,15.838709677419354,15.838709677419354
1105,15.625,15.625
1106,17.03448275862069,17.03448275862069
1107,17.266666666666666,17.266666666666666
1108,17.962962962962962,17.962962962962962
1109,16.09375,16.0625
1110,17.357142857142858,17.357142857142858
1111,19.615384615384617,19.576923076923077
1112,18.071428571428573,18.035714285714285
1113,17.571428571428573,17.571428571428573
1114,18.185185185185187,18.185185185185187
1115,18.74074074074074,18.74074074074074
1116,15.78125,15.78125
1117,14.676470588235293,14.676470588235293
1118,18.333333333333332,18.296296296296298
1119,17.166666666666668,17.166666666666668
1120,17.17241379310345,17.17241379310345
1121,17.321428571428573,17.321428571428573
1122,17.24137931034483,17.20689655172414
1123,17.066666666666666,17.066666666666666
1124,17.448275862068964,17.448275862068964
1125,18.51851851851852,18.48148148148148
1126,19.88,19.8
1127,18.037037037037038,18.037037037037038
1128,18.571428571428573,18.535714285714285
1129,16.433333333333334,16.4
1130,19.53846153846154,19.423076923076923
1131,18.40740740740741,18.37037037037037
1132,18.333333333333332,18.296296296296298
1133,17.24137931034483,17.24137931034483
1134,17.379310344827587,17.379310344827587
1135,18.142857142857142,18.107142857142858
1136,16.666666666666668,16.666666666666668
1137,17.5,17.5
1138,17.785714285714285,17.785714285714285
1139,18.444444444444443,18.333333333333332
1140,18.814814814814813,18.814814814814813
1141,18.923076923076923,18.923076923076923
1142,17.79310344827586,17.79310344827586
1143,18.555555555555557,18.51851851851852
1144,18.48148148148148,18.48148148148148
1145,18.846153846153847,18.807692307692307
1146,17.689655172413794,17.655172413793103
1147,17.0,17.0
1148,16.483870967741936,16.451612903225808
1149,16.4,16.4
1150,16.225806451612904,16.225806451612904
1151,17.413793103448278,17.413793103448278
1152,18.37037037037037,18.37037037037037
1153,17.344827586206897,17.344827586206897
1154,19.26923076923077,19.26923076923077
1155,17.428571428571427,17.392857142857142
1156,16.03125,16.03125
1157,19.0,19.0
1158,19.48,19.48
1159,16.741935483870968,16.741935483870968
1160,18.48148148148148,18.48148148148148
1161,14.2,14.2
1162,17.06896551724138,17.06896551724138
1163,15.46875,15.46875
1164,15.088235294117647,15.058823529411764
1165,18.46153846153846,18.46153846153846
1166,17.620689655172413,17.586206896551722
1167,17.620689655172413,17.586206896551722
1168,18.333333333333332,18.333333333333332
1169,18.703703703703702,18.703703703703702
1170,17.310344827586206,17.310344827586206
1171,17.678571428571427,17.678571428571427
1172,14.735294117647058,14.705882352941176
1173,17.06896551724138,17.06896551724138
1174,18.74074074074074,18.74074074074074
1175,17.24137931034483,17.24137931034483
1176,16.82758620689655,16.79310344827586
1177,16.258064516129032,16.258064516129032
1178,15.96875,15.96875
1179,17.275862068965516,17.275862068965516
1180,15.40625,15.40625
1181,16.7,16.7
1182,16.129032258064516,16.096774193548388
1183,16.06451612903226,16.06451612903226
1184,16.8,16.8
1185,16.333333333333332,16.333333333333332
1186,14.6,14.6
1187,16.833333333333332,16.8
1188,17.275862068965516,17.275862068965516
1189,17.03448275862069,17.03448275862069
1190,18.185185185185187,18.185185185185187
1191,18.214285714285715,18.214285714285715
1192,16.96551724137931,16.96551724137931
1193,18.107142857142858,18.071428571428573
1194,16.833333333333332,16.833333333333332
1195,16.161290322580644,16.161290322580644
1196,16.333333333333332,16.333333333333332
1197,14.93939393939394,14.93939393939394
1198,14.628571428571428,14.628571428571428
1199,16.866666666666667,16.833333333333332
1200,17.06896551724138,17.06896551724138
1201,15.303030303030303,15.303030303030303
1202,17.75,17.75
1203,17.413793103448278,17.379310344827587
1204,18.444444444444443,18.444444444444443
1205,17.75,17.714285714285715
1206,19.346153846153847,19.346153846153847
1207,19.52,19.52
1208,17.2,17.166666666666668
1209,17.88888888888889,17.88888888888889
1210,17.166666666666668,17.166666666666668
1211,15.625,15.625
1212,17.24137931034483,17.20689655172414
1213,14.617647058823529,14.588235294117647
1214,17.678571428571427,17.678571428571427
1215,16.966666666666665,16.966666666666665
1216,18.653846153846153,18.653846153846153
1217,18.88888888888889,18.88888888888889
1218,18.807692307692307,18.807692307692307
1219,18.357142857142858,18.357142857142858
1220,19.6,19.56
1221,17.310344827586206,17.310344827586206
1222,18.357142857142858,18.357142857142858
1223,16.896551724137932,16.896551724137932
1224,17.5,17.5
1225,16.096774193548388,16.096774193548388
1226,17.266666666666666,17.266666666666666
1227,16.862068965517242,16.862068965517242
1228,18.107142857142858,18.071428571428573
1229,16.733333333333334,16.733333333333334
1230,17.928571428571427,17.928571428571427
1231,17.357142857142858,17.357142857142858
1232,18.296296296296298,18.296296296296298
1233,16.866666666666667,16.866666666666667
1234,16.9,16.9
1235,17.785714285714285,17.785714285714285
1236,19.153846153846153,19.153846153846153
1237,16.322580645161292,16.322580645161292
1238,17.551724137931036,17.551724137931036
1239,18.0,18.0
1240,17.482758620689655,17.482758620689655
1241,19.576923076923077,19.46153846153846
1242,18.423076923076923,18.423076923076923
1243,18.392857142857142,18.392857142857142
1244,19.153846153846153,19.153846153846153
1245,17.033333333333335,16.966666666666665
1246,18.11111111111111,18.11111111111111
1247,20.32,20.2
1248,19.46153846153846,19.423076923076923
1249,16.862068965517242,16.862068965517242
1250,19.46153846153846,19.423076923076923
1251,19.68,19.64
1252,19.653846153846153,19.653846153846153
1253,18.923076923076923,18.923076923076923
1254,18.296296296296298,18.296296296296298
1255,19.14814814814815,19.11111111111111
1256,19.153846153846153,19.115384615384617
1257,16.866666666666667,16.866666666666667
1258,15.935483870967742,15.935483870967742
1259,18.037037037037038,18.037037037037038
1260,18.814814814814813,18.814814814814813
1261,15.484848484848484,15.484848484848484
1262,18.074074074074073,18.074074074074073
1263,18.923076923076923,18.923076923076923
1264,16.258064516129032,16.225806451612904
1265,18.035714285714285,18.035714285714285
1266,18.22222222222222,18.185185185185187
1267,17.93103448275862,17.862068965517242
1268,17.03448275862069,17.03448275862069
1269,17.20689655172414,17.20689655172414
1270,17.586206896551722,17.586206896551722
1271,18.333333333333332,18.333333333333332
1272,19.84,19.8
1273,17.413793103448278,17.413793103448278
1274,18.51851851851852,18.51851851851852
1275,16.862068965517242,16.862068965517242
1276,16.419354838709676,16.419354838709676
1277,17.821428571428573,17.785714285714285
1278,19.23076923076923,19.23076923076923
1279,18.178571428571427,18.142857142857142
1280,19.03846153846154,19.03846153846154
1281,18.692307692307693,18.692307692307693
1282,17.1,17.066666666666666
1283,16.6,16.6
1284,19.56,19.52
1285,17.166666666666668,17.1
1286,17.103448275862068,17.06896551724138
1287,18.51851851851852,18.444444444444443
1288,19.692307692307693,19.653846153846153
1289,18.846153846153847,18.807692307692307
1290,17.379310344827587,17.379310344827587
1291,19.5,19.46153846153846
1292,18.555555555555557,18.555555555555557
1293,17.357142857142858,17.357142857142858
1294,18.5,18.464285714285715
1295,18.37037037037037,18.37037037037037
1296,19.23076923076923,19.192307692307693
1297,17.448275862068964,17.379310344827587
1298,19.88,19.88
1299,18.48148148148148,18.48148148148148
1300,18.037037037037038,18.037037037037038
1301,18.535714285714285,18.535714285714285
1302,17.275862068965516,17.275862068965516
1303,18.53846153846154,18.5
1304,19.807692307692307,19.807692307692307
1305,17.379310344827587,17.344827586206897
1306,20.666666666666668,20.666666666666668
1307,17.448275862068964,17.413793103448278
1308,17.137931034482758,17.137931034482758
1309,16.862068965517242,16.82758620689655
1310,17.066666666666666,17.066666666666666
1311,17.785714285714285,17.785714285714285
1312,17.714285714285715,17.714285714285715
1313,19.23076923076923,19.23076923076923
1314,18.48148148148148,18.48148148148148
1315,19.192307692307693,19.192307692307693
1316,17.137931034482758,17.137931034482758
1317,17.678571428571427,17.678571428571427
1318,17.166666666666668,17.166666666666668
1319,18.73076923076923,18.73076923076923
1320,19.26923076923077,19.26923076923077
1321,17.0,17.0
1322,17.75,17.714285714285715
1323,16.666666666666668,16.633333333333333
1324,19.92,19.88
1325,17.413793103448278,17.413793103448278
1326,18.0,18.0
1327,16.433333333333334,16.366666666666667
1328,18.25,18.25
1329,16.225806451612904,16.193548387096776
1330,16.333333333333332,16.333333333333332
1331,15.272727272727273,15.272727272727273
1332,17.24137931034483,17.20689655172414
1333,15.5625,15.5625
1334,16.29032258064516,16.29032258064516
1335,16.8,16.766666666666666
1336,16.689655172413794,16.620689655172413
1337,16.612903225806452,16.612903225806452
1338,17.5,17.5
1339,17.551724137931036,17.551724137931036
1340,18.333333333333332,18.333333333333332
1341,15.40625,15.40625
1342,17.033333333333335,17.0
1343,17.642857142857142,17.642857142857142
1344,17.678571428571427,17.678571428571427
1345,17.0,17.0
1346,17.20689655172414,17.17241379310345
1347,17.5,17.5
1348,18.285714285714285,18.285714285714285
1349,15.78125,15.78125
1350,17.607142857142858,17.607142857142858
1351,17.964285714285715,17.928571428571427
1352,18.555555555555557,18.555555555555557
1353,17.714285714285715,17.714285714285715
1354,17.655172413793103,17.620689655172413
1355,16.7,16.7
1356,18.40740740740741,18.40740740740741
1357,16.032258064516128,16.032258064516128
1358,17.357142857142858,17.357142857142858
1359,16.8,16.766666666666666
1360,18.74074074074074,18.74074074074074
1361,17.964285714285715,17.892857142857142
1362,17.033333333333335,17.0
1363,17.24137931034483,17.24137931034483
1364,20.0,19.958333333333332
1365,18.0,18.0
1366,17.785714285714285,17.785714285714285
1367,19.46153846153846,19.384615384615383
1368,19.037037037037038,19.0
1369,18.53846153846154,18.46153846153846
1370,16.15625,16.125
1371,18.62962962962963,18.62962962962963
1372,18.59259259259259,18.59259259259259
1373,19.28,19.24
1374,16.15625,16.15625
1375,16.82758620689655,16.79310344827586
1376,18.59259259259259,18.59259259259259
1377,17.821428571428573,17.821428571428573
1378,18.333333333333332,18.296296296296298
1379,18.925925925925927,18.925925925925927
1380,17.464285714285715,17.464285714285715
1381,17.93103448275862,17.896551724137932
1382,19.52,19.52
1383,19.576923076923077,19.576923076923077
1384,18.51851851851852,18.48148148148148
1385,19.076923076923077,18.96153846153846
1386,16.766666666666666,16.766666666666666
1387,15.6875,15.6875
1388,15.212121212121213,15.151515151515152
1389,17.310344827586206,17.24137931034483
1390,17.448275862068964,17.448275862068964
1391,18.37037037037037,18.333333333333332
1392,18.25925925925926,18.25925925925926
1393,16.580645161290324,16.548387096774192
1394,16.6,16.566666666666666
1395,17.103448275862068,17.103448275862068
1396,15.090909090909092,15.090909090909092
1397,17.17241379310345,17.17241379310345
1398,18.74074074074074,18.666666666666668
1399,17.821428571428573,17.821428571428573
1400,19.115384615384617,19.076923076923077
1401,18.51851851851852,18.51851851851852
1402,20.833333333333332,20.791666666666668
1403,17.482758620689655,17.482758620689655
1404,17.24137931034483,17.24137931034483
1405,16.896551724137932,16.896551724137932
1406,19.88,19.84
1407,17.724137931034484,17.724137931034484
1408,19.23076923076923,19.23076923076923
1409,20.541666666666668,20.541666666666668
1410,19.037037037037038,18.962962962962962
1411,17.0,17.0
1412,17.892857142857142,17.892857142857142
1413,18.48148148148148,18.444444444444443
1414,17.20689655172414,17.20689655172414
1415,16.862068965517242,16.862068965517242
1416,18.642857142857142,18.642857142857142
1417,18.11111111111111,18.074074074074073
1418,18.071428571428573,18.071428571428573
1419,17.88888888888889,17.88888888888889
1420,20.2,20.2
1421,17.413793103448278,17.413793103448278
1422,16.733333333333334,16.733333333333334
1423,17.821428571428573,17.821428571428573
1424,18.666666666666668,18.666666666666668
1425,17.642857142857142,17.642857142857142
1426,18.77777777777778,18.74074074074074
1427,18.77777777777778,18.77777777777778
1428,18.37037037037037,18.296296296296298
1429,18.923076923076923,18.923076923076923
1430,17.413793103448278,17.379310344827587
1431,19.03846153846154,19.03846153846154
1432,18.88888888888889,18.85185185185185
1433,16.866666666666667,16.833333333333332
1434,17.0,17.0
1435,18.884615384615383,18.884615384615383
1436,18.107142857142858,18.071428571428573
1437,20.375,20.375
1438,19.25925925925926,19.25925925925926
1439,19.56,19.44
1440,17.689655172413794,17.655172413793103
1441,18.37037037037037,18.296296296296298
1442,20.16,20.16
1443,17.928571428571427,17.928571428571427
1444,21.041666666666668,21.041666666666668
1445,19.96,19.96
1446,18.73076923076923,18.692307692307693
1447,17.448275862068964,17.448275862068964
1448,17.678571428571427,17.642857142857142
1449,17.066666666666666,17.0
1450,17.0,17.0
1451,20.0,20.0
1452,18.37037037037037,18.37037037037037
1453,19.11111111111111,19.074074074074073
1454,17.857142857142858,17.821428571428573
1455,18.555555555555557,18.51851851851852
1456,15.838709677419354,15.838709677419354
1457,17.517241379310345,17.482758620689655
1458,16.82758620689655,16.82758620689655
1459,19.73076923076923,19.615384615384617
1460,16.862068965517242,16.82758620689655
1461,18.666666666666668,18.666666666666668
1462,17.75,17.75
1463,18.48148148148148,18.48148148148148
1464,17.133333333333333,17.133333333333333
1465,18.40740740740741,18.40740740740741
1466,18.107142857142858,18.071428571428573
1467,16.233333333333334,16.2
1468,17.448275862068964,17.413793103448278
1469,18.333333333333332,18.333333333333332
1470,16.06451612903226,16.06451612903226
1471,18.464285714285715,18.464285714285715
1472,17.892857142857142,17.857142857142858
1473,17.892857142857142,17.857142857142858
1474,16.96551724137931,16.93103448275862
1475,15.6875,15.6875
1476,19.23076923076923,19.23076923076923
1477,18.703703703703702,18.703703703703702
1478,17.17241379310345,17.17241379310345
1479,17.357142857142858,17.357142857142858
1480,19.153846153846153,19.115384615384617
1481,17.0,16.933333333333334
1482,18.74074074074074,18.74074074074074
1483,18.0,17.964285714285715
1484,18.0,18.0
1485,16.35483870967742,16.35483870967742
1486,16.833333333333332,16.833333333333332
1487,17.925925925925927,17.925925925925927
1488,16.774193548387096,16.774193548387096
1489,17.642857142857142,17.571428571428573
1490,18.11111111111111,18.11111111111111
1491,19.11111111111111,19.11111111111111
1492,20.125,20.125
1493,21.125,21.083333333333332
1494,18.77777777777778,18.77777777777778
1495,16.733333333333334,16.733333333333334
1496,16.35483870967742,16.35483870967742
1497,16.655172413793103,16.655172413793103
1498,18.321428571428573,18.321428571428573
1499,17.24137931034483,17.24137931034483
1500,17.24137931034483,17.20689655172414
1501,18.0,18.0
1502,18.59259259259259,18.555555555555557
1503,16.7,16.666666666666668
1504,17.535714285714285,17.535714285714285
1505,19.96,19.88
1506,19.115384615384617,19.115384615384617
1507,19.576923076923077,19.5
1508,18.51851851851852,18.51851851851852
1509,19.03846153846154,19.03846153846154
1510,19.423076923076923,19.26923076923077
1511,16.0,15.96774193548387
1512,17.2,17.2
1513,19.4,19.32
1514,18.925925925925927,18.88888888888889
1515,17.17241379310345,17.17241379310345
1516,17.06896551724138,17.03448275862069
1517,16.419354838709676,16.35483870967742
1518,18.59259259259259,18.555555555555557
1519,18.107142857142858,18.071428571428573
1520,19.307692307692307,19.307692307692307
1521,16.7,16.666666666666668
1522,19.153846153846153,19.153846153846153
1523,17.928571428571427,17.928571428571427
1524,19.153846153846153,19.153846153846153
1525,19.307692307692307,19.307692307692307
1526,18.96153846153846,18.923076923076923
1527,16.833333333333332,16.833333333333332
1528,19.6,19.6
1529,19.46153846153846,19.46153846153846
1530,16.29032258064516,16.258064516129032
1531,17.785714285714285,17.785714285714285
1532,18.444444444444443,18.40740740740741
1533,18.142857142857142,18.071428571428573
1534,19.72,19.56
1535,16.6,16.566666666666666
1536,17.689655172413794,17.655172413793103
1537,17.06896551724138,17.06896551724138
1538,17.344827586206897,17.310344827586206
1539,16.29032258064516,16.29032258064516
1540,18.444444444444443,18.37037037037037
1541,17.821428571428573,17.785714285714285
1542,19.53846153846154,19.5
1543,19.23076923076923,19.192307692307693
1544,20.333333333333332,20.333333333333332
1545,18.74074074074074,18.74074074074074
1546,17.892857142857142,17.892857142857142
1547,16.7,16.666666666666668
1548,17.964285714285715,17.964285714285715
1549,17.0,17.0
1550,18.59259259259259,18.59259259259259
1551,17.344827586206897,17.344827586206897
1552,19.307692307692307,19.307692307692307
1553,17.714285714285715,17.714285714285715
1554,18.59259259259259,18.59259259259259
1555,18.96153846153846,18.96153846153846
1556,18.48148148148148,18.48148148148148
1557,17.482758620689655,17.448275862068964
1558,16.161290322580644,16.161290322580644
1559,19.192307692307693,19.192307692307693
1560,16.35483870967742,16.322580645161292
1561,18.035714285714285,17.892857142857142
1562,16.4,16.4
1563,17.310344827586206,17.310344827586206
1564,18.59259259259259,18.59259259259259
1565,17.310344827586206,17.310344827586206
1566,17.25,17.214285714285715
1567,19.73076923076923,19.73076923076923
1568,17.928571428571427,17.892857142857142
1569,16.93103448275862,16.93103448275862
1570,17.17241379310345,17.17241379310345
1571,15.8125,15.78125
1572,15.272727272727273,15.272727272727273
1573,16.0,16.0
1574,15.96774193548387,15.935483870967742
1575,17.655172413793103,17.655172413793103
1576,19.423076923076923,19.423076923076923
1577,17.962962962962962,17.962962962962962
1578,19.846153846153847,19.846153846153847
1579,19.68,19.68
1580,19.88,19.84
1581,18.25,18.25
1582,18.40740740740741,18.40740740740741
1583,19.84,19.84
1584,20.04,20.04
1585,17.857142857142858,17.857142857142858
1586,17.928571428571427,17.892857142857142
1587,18.22222222222222,18.22222222222222
1588,19.037037037037038,19.037037037037038
1589,16.82758620689655,16.79310344827586
1590,17.655172413793103,17.655172413793103
1591,15.741935483870968,15.741935483870968
1592,16.9,16.866666666666667
1593,20.583333333333332,20.583333333333332
1594,19.46153846153846,19.423076923076923
1595,16.93103448275862,16.93103448275862
1596,16.833333333333332,16.8
1597,17.24137931034483,17.24137931034483
1598,17.033333333333335,17.033333333333335
1599,16.666666666666668,16.666666666666668
1600,18.333333333333332,18.333333333333332
1601,18.846153846153847,18.846153846153847
1602,18.40740740740741,18.40740740740741
1603,19.76923076923077,19.76923076923077
1604,18.444444444444443,18.37037037037037
1605,20.12,20.04
1606,19.0,18.96153846153846
1607,18.703703703703702,18.703703703703702
1608,19.384615384615383,19.384615384615383
1609,18.62962962962963,18.62962962962963
1610,17.214285714285715,17.214285714285715
1611,19.0,19.0
1612,17.75,17.714285714285715
1613,17.379310344827587,17.379310344827587
1614,16.9,16.866666666666667
1615,16.766666666666666,16.733333333333334
1616,18.807692307692307,18.807692307692307
1617,19.03846153846154,19.03846153846154
1618,19.53846153846154,19.5
1619,20.16,20.12
1620,18.62962962962963,18.59259259259259
1621,18.333333333333332,18.333333333333332
1622,16.8,16.8
1623,16.333333333333332,16.333333333333332
1624,18.74074074074074,18.74074074074074
1625,17.448275862068964,17.448275862068964
1626,17.06896551724138,17.06896551724138
1627,19.46153846153846,19.46153846153846
1628,17.821428571428573,17.821428571428573
1629,17.379310344827587,17.379310344827587
1630,19.76,19.72
1631,19.23076923076923,19.23076923076923
1632,18.296296296296298,18.22222222222222
1633,15.6875,15.6875
1634,18.666666666666668,18.555555555555557
1635,18.555555555555557,18.48148148148148
1636,17.724137931034484,17.655172413793103
1637,18.37037037037037,18.37037037037037
1638,19.192307692307693,19.076923076923077
1639,16.96551724137931,16.96551724137931
1640,18.62962962962963,18.59259259259259
1641,17.655172413793103,17.620689655172413
1642,17.428571428571427,17.428571428571427
1643,19.346153846153847,19.346153846153847
1644,17.678571428571427,17.642857142857142
1645,20.44,20.36
1646,19.03846153846154,18.96153846153846
1647,19.615384615384617,19.615384615384617
1648,17.678571428571427,17.678571428571427
1649,18.555555555555557,18.555555555555557
1650,18.814814814814813,18.814814814814813
1651,16.129032258064516,16.129032258064516
1652,20.291666666666668,20.291666666666668
1653,19.692307692307693,19.653846153846153
1654,19.153846153846153,19.153846153846153
1655,19.076923076923077,19.03846153846154
1656,17.892857142857142,17.892857142857142
1657,18.444444444444443,18.444444444444443
1658,19.192307692307693,19.153846153846153
1659,19.074074074074073,19.037037037037038
1660,17.714285714285715,17.714285714285715
1661,15.1875,15.1875
1662,16.733333333333334,16.733333333333334
1663,17.03448275862069,17.03448275862069
1664,20.48,20.48
1665,16.483870967741936,16.483870967741936
1666,18.296296296296298,18.296296296296298
1667,19.03846153846154,19.03846153846154
1668,18.666666666666668,18.666666666666668
1669,20.28,20.28
1670,20.083333333333332,20.083333333333332
1671,20.958333333333332,20.916666666666668
1672,20.48,20.48
1673,19.68,19.68
1674,21.333333333333332,21.333333333333332
1675,17.464285714285715,17.464285714285715
1676,17.714285714285715,17.714285714285715
1677,19.76923076923077,19.76923076923077
1678,19.32,19.28
1679,19.26923076923077,19.192307692307693
1680,18.285714285714285,18.285714285714285
1681,15.333333333333334,15.303030303030303
1682,16.032258064516128,16.032258064516128
1683,16.3,16.3
1684,19.5,19.5
1685,17.033333333333335,17.033333333333335
1686,18.615384615384617,18.615384615384617
1687,17.79310344827586,17.75862068965517
1688,16.666666666666668,16.666666666666668
1689,17.06896551724138,17.06896551724138
1690,16.322580645161292,16.322580645161292
1691,17.678571428571427,17.678571428571427
1692,16.79310344827586,16.79310344827586
1693,18.25,18.25
1694,16.96551724137931,16.93103448275862
1695,17.1,17.066666666666666
1696,19.36,19.36
1697,19.576923076923077,19.53846153846154
1698,18.142857142857142,18.142857142857142
1699,20.08,20.08
1700,20.416666666666668,20.291666666666668
1701,18.666666666666668,18.62962962962963
1702,17.20689655172414,17.20689655172414
1703,17.655172413793103,17.620689655172413
1704,17.275862068965516,17.275862068965516
1705,18.923076923076923,18.884615384615383
1706,17.571428571428573,17.571428571428573
1707,19.384615384615383,19.384615384615383
1708,18.884615384615383,18.884615384615383
1709,18.5,18.5
1710,17.785714285714285,17.785714285714285
1711,18.884615384615383,18.884615384615383
1712,19.384615384615383,19.384615384615383
1713,18.814814814814813,18.77777777777778
1714,19.8,19.68
1715,20.64,20.52
1716,19.8,19.76
1717,19.423076923076923,19.384615384615383
1718,20.083333333333332,20.083333333333332
1719,18.357142857142858,18.357142857142858
1720,20.541666666666668,20.541666666666668
1721,19.653846153846153,19.653846153846153
1722,20.0,20.0
1723,19.074074074074073,19.0
1724,17.892857142857142,17.892857142857142
1725,19.53846153846154,19.53846153846154
1726,16.633333333333333,16.6
1727,19.0,19.0
1728,17.571428571428573,17.535714285714285
1729,18.035714285714285,18.035714285714285
1730,18.96153846153846,18.96153846153846
1731,18.62962962962963,18.62962962962963
1732,17.551724137931036,17.551724137931036
1733,17.964285714285715,17.928571428571427
1734,19.96,19.92
1735,19.23076923076923,19.153846153846153
1736,20.24,20.2
1737,19.64,19.6
1738,16.451612903225808,16.451612903225808
1739,17.821428571428573,17.821428571428573
1740,19.115384615384617,19.076923076923077
1741,19.96,19.96
1742,19.76,19.76
1743,15.625,15.625
1744,20.12,20.08
1745,18.74074074074074,18.74074074074074
1746,18.807692307692307,18.807692307692307
1747,18.77777777777778,18.77777777777778
1748,18.142857142857142,18.107142857142858
1749,18.071428571428573,18.035714285714285
1750,19.32,19.28
1751,19.384615384615383,19.384615384615383
1752,20.12,20.12
1753,19.423076923076923,19.346153846153847
1754,18.444444444444443,18.444444444444443
1755,19.84,19.84
1756,17.0,16.966666666666665
1757,17.275862068965516,17.275862068965516
1758,18.73076923076923,18.73076923076923
1759,19.423076923076923,19.423076923076923
1760,19.73076923076923,19.653846153846153
1761,19.03846153846154,19.0
1762,18.51851851851852,18.51851851851852
1763,17.103448275862068,17.103448275862068
1764,17.785714285714285,17.75
1765,18.925925925925927,18.85185185185185
1766,19.153846153846153,19.153846153846153
1767,18.555555555555557,18.555555555555557
1768,18.923076923076923,18.923076923076923
1769,19.846153846153847,19.73076923076923
1770,18.40740740740741,18.333333333333332
1771,16.258064516129032,16.225806451612904
1772,19.92,19.92
1773,19.84,19.84
1774,19.6,19.56
1775,18.392857142857142,18.392857142857142
1776,16.06451612903226,16.06451612903226
1777,17.857142857142858,17.821428571428573
1778,17.448275862068964,17.448275862068964
1779,19.64,19.6
1780,17.892857142857142,17.892857142857142
1781,19.26923076923077,19.26923076923077
1782,18.22222222222222,18.22222222222222
1783,18.85185185185185,18.814814814814813
1784,18.214285714285715,18.214285714285715
1785,19.03846153846154,19.03846153846154
1786,17.285714285714285,17.285714285714285
1787,17.75862068965517,17.75862068965517
1788,19.64,19.64
1789,18.107142857142858,18.071428571428573
1790,18.51851851851852,18.444444444444443
1791,16.933333333333334,16.9
1792,16.79310344827586,16.75862068965517
1793,17.689655172413794,17.689655172413794
1794,17.275862068965516,17.24137931034483
1795,20.75,20.666666666666668
1796,19.23076923076923,19.23076923076923
1797,18.40740740740741,18.40740740740741
1798,20.36,20.36
1799,19.76,19.76
1800,19.44,19.4
1801,17.586206896551722,17.586206896551722
1802,16.5,16.5
1803,18.035714285714285,18.0
1804,20.08,20.04
1805,19.23076923076923,19.23076923076923
1806,18.142857142857142,18.142857142857142
1807,16.833333333333332,16.833333333333332
1808,19.23076923076923,19.153846153846153
1809,20.083333333333332,20.083333333333332
1810,18.392857142857142,18.357142857142858
1811,18.48148148148148,18.48148148148148
1812,17.821428571428573,17.821428571428573
1813,18.85185185185185,18.85185185185185
1814,20.291666666666668,20.291666666666668
1815,17.137931034482758,17.137931034482758
1816,18.40740740740741,18.37037037037037
1817,19.0,18.925925925925927
1818,19.68,19.68
1819,20.708333333333332,20.625
1820,17.724137931034484,17.689655172413794
1821,18.703703703703702,18.703703703703702
1822,16.8,16.766666666666666
1823,18.76923076923077,18.76923076923077
1824,17.892857142857142,17.892857142857142
1825,19.26923076923077,19.26923076923077
1826,19.6,19.6
1827,19.26923076923077,19.192307692307693
1828,19.46153846153846,19.423076923076923
1829,17.166666666666668,17.166666666666668
1830,18.51851851851852,18.51851851851852
1831,19.76,19.76
1832,17.75,17.75
1833,19.307692307692307,19.307692307692307
1834,16.933333333333334,16.933333333333334
1835,19.0,19.0
1836,18.703703703703702,18.703703703703702
1837,18.22222222222222,18.185185185185187
1838,17.344827586206897,17.310344827586206
1839,17.678571428571427,17.678571428571427
1840,18.0,18.0
1841,19.8,19.8
1842,20.04,20.04
1843,20.583333333333332,20.583333333333332
1844,20.8,20.8
1845,16.82758620689655,16.724137931034484
1846,19.692307692307693,19.692307692307693
1847,16.82758620689655,16.75862068965517
1848,18.464285714285715,18.464285714285715
1849,17.666666666666668,17.666666666666668
1850,17.896551724137932,17.896551724137932
1851,18.333333333333332,18.333333333333332
1852,18.96153846153846,18.96153846153846
1853,17.310344827586206,17.275862068965516
1854,18.37037037037037,18.37037037037037
1855,17.033333333333335,17.033333333333335
1856,16.966666666666665,16.933333333333334
1857,19.153846153846153,19.03846153846154
1858,19.76,19.76
1859,18.25925925925926,18.22222222222222
1860,19.692307692307693,19.692307692307693
1861,17.464285714285715,17.464285714285715
1862,19.923076923076923,19.884615384615383
1863,18.692307692307693,18.653846153846153
1864,18.814814814814813,18.814814814814813
1865,18.814814814814813,18.814814814814813
1866,16.93103448275862,16.896551724137932
1867,18.071428571428573,18.071428571428573
1868,18.37037037037037,18.333333333333332
1869,17.785714285714285,17.785714285714285
1870,18.107142857142858,18.107142857142858
1871,19.0,18.923076923076923
1872,18.814814814814813,18.814814814814813
1873,19.346153846153847,19.346153846153847
1874,19.0,19.0
1875,17.464285714285715,17.428571428571427
1876,17.448275862068964,17.413793103448278
1877,18.333333333333332,18.333333333333332
1878,19.73076923076923,19.692307692307693
1879,16.82758620689655,16.82758620689655
1880,18.214285714285715,18.214285714285715
1881,18.666666666666668,18.62962962962963
1882,18.807692307692307,18.807692307692307
1883,19.76923076923077,19.73076923076923
1884,18.807692307692307,18.807692307692307
1885,18.703703703703702,18.703703703703702
1886,19.307692307692307,19.307692307692307
1887,18.51851851851852,18.51851851851852
1888,17.571428571428573,17.571428571428573
1889,17.24137931034483,17.20689655172414
1890,17.620689655172413,17.620689655172413
1891,18.96153846153846,18.96153846153846
1892,19.23076923076923,19.192307692307693
1893,20.833333333333332,20.833333333333332
1894,18.333333333333332,18.333333333333332
1895,18.214285714285715,18.178571428571427
1896,19.384615384615383,19.346153846153847
1897,20.12,20.08
1898,19.72,19.72
1899,19.346153846153847,19.346153846153847
1900,19.5,19.5
1901,19.72,19.64
1902,17.517241379310345,17.517241379310345
1903,20.04,20.0
1904,20.875,20.791666666666668
1905,18.53846153846154,18.53846153846154
1906,20.24,20.2
1907,18.59259259259259,18.555555555555557
1908,17.678571428571427,17.678571428571427
1909,18.357142857142858,18.357142857142858
1910,20.2,20.16
1911,18.22222222222222,18.22222222222222
1912,19.307692307692307,19.26923076923077
1913,19.192307692307693,19.153846153846153
1914,18.62962962962963,18.62962962962963
1915,20.0,19.92
1916,18.85185185185185,18.814814814814813
1917,18.73076923076923,18.73076923076923
1918,18.035714285714285,18.035714285714285
1919,18.0,18.0
1920,18.25925925925926,18.25925925925926
1921,17.586206896551722,17.586206896551722
1922,18.48148148148148,18.48148148148148
1923,18.51851851851852,18.51851851851852
1924,19.68,19.64
1925,18.62962962962963,18.62962962962963
1926,17.0,17.0
1927,18.846153846153847,18.846153846153847
1928,15.375,15.375
1929,17.379310344827587,17.379310344827587
1930,15.515151515151516,15.484848484848484
1931,18.14814814814815,18.11111111111111
1932,16.566666666666666,16.566666666666666
1933,18.428571428571427,18.428571428571427
1934,19.32,19.28
1935,17.93103448275862,17.896551724137932
1936,19.03846153846154,19.03846153846154
1937,18.73076923076923,18.692307692307693
1938,19.615384615384617,19.615384615384617
1939,17.586206896551722,17.586206896551722
1940,17.714285714285715,17.571428571428573
1941,17.928571428571427,17.857142857142858
1942,17.928571428571427,17.928571428571427
1943,18.73076923076923,18.73076923076923
1944,18.814814814814813,18.814814814814813
1945,19.8,19.8
1946,18.59259259259259,18.59259259259259
1947,18.178571428571427,18.178571428571427
1948,16.766666666666666,16.733333333333334
1949,20.458333333333332,20.458333333333332
1950,18.107142857142858,18.071428571428573
1951,18.071428571428573,18.071428571428573
1952,20.708333333333332,20.708333333333332
1953,21.043478260869566,21.043478260869566
1954,18.59259259259259,18.555555555555557
1955,18.88888888888889,18.88888888888889
1956,19.03846153846154,19.03846153846154
1957,19.576923076923077,19.576923076923077
1958,20.666666666666668,20.625
1959,18.035714285714285,18.035714285714285
1960,18.25925925925926,18.25925925925926
1961,19.192307692307693,19.153846153846153
1962,18.22222222222222,18.22222222222222
1963,20.68,20.68
1964,18.703703703703702,18.59259259259259
1965,17.5,17.5
1966,19.692307692307693,19.576923076923077
1967,20.24,20.12
1968,18.0,18.0
1969,17.517241379310345,17.517241379310345
1970,16.766666666666666,16.766666666666666
1971,18.40740740740741,18.40740740740741
1972,19.03846153846154,19.0
1973,20.32,20.32
1974,19.6,19.6
1975,19.615384615384617,19.615384615384617
1976,18.555555555555557,18.555555555555557
1977,19.26923076923077,19.26923076923077
1978,15.903225806451612,15.903225806451612
1979,18.333333333333332,18.296296296296298
1980,20.08,20.04
1981,18.357142857142858,18.357142857142858
1982,19.153846153846153,19.153846153846153
1983,18.846153846153847,18.846153846153847
1984,18.51851851851852,18.48148148148148
1985,17.20689655172414,17.20689655172414
1986,20.36,20.32
1987,19.423076923076923,19.384615384615383
1988,18.14814814814815,18.14814814814815
1989,16.93103448275862,16.93103448275862
1990,21.125,21.125
1991,19.73076923076923,19.73076923076923
1992,18.692307692307693,18.653846153846153
1993,19.692307692307693,19.692307692307693
1994,20.75,20.708333333333332
1995,18.14814814814815,18.14814814814815
1996,19.192307692307693,19.192307692307693
1997,18.48148148148148,18.48148148148148
1998,19.923076923076923,19.923076923076923
1999,17.88888888888889,17.88888888888889
2000,17.82758620689655,17.79310344827586
2001,19.115384615384617,19.115384615384617
2002,18.11111111111111,18.11111111111111
2003,19.037037037037038,19.037037037037038
2004,17.321428571428573,17.321428571428573
2005,17.551724137931036,17.517241379310345
2006,17.857142857142858,17.821428571428573
2007,18.59259259259259,18.555555555555557
2008,17.551724137931036,17.551724137931036
2009,19.0,19.0
2010,18.11111111111111,18.037037037037038
2011,19.037037037037038,19.037037037037038
2012,18.923076923076923,18.923076923076923
2013,18.666666666666668,18.666666666666668
2014,19.84,19.76
2015,17.724137931034484,17.724137931034484
2016,17.642857142857142,17.642857142857142
2017,18.48148148148148,18.48148148148148
2018,18.59259259259259,18.59259259259259
2019,18.14814814814815,18.14814814814815
2020,18.333333333333332,18.333333333333332
2021,18.703703703703702,18.703703703703702
2022,17.689655172413794,17.689655172413794
2023,19.346153846153847,19.307692307692307
2024,18.923076923076923,18.884615384615383
2025,20.36,20.2
2026,21.47826086956522,21.47826086956522
2027,16.8,16.733333333333334
2028,19.03846153846154,19.0
2029,20.24,20.2
2030,18.814814814814813,18.77777777777778
2031,18.653846153846153,18.653846153846153
2032,21.291666666666668,21.25
2033,19.5,19.5
2034,19.307692307692307,19.26923076923077
2035,18.923076923076923,18.884615384615383
2036,17.714285714285715,17.714285714285715
2037,18.666666666666668,18.666666666666668
2038,19.76,19.76
2039,19.96,19.96
2040,17.24137931034483,17.24137931034483
2041,16.483870967741936,16.483870967741936
2042,16.266666666666666,16.266666666666666
2043,17.82758620689655,17.79310344827586
2044,17.214285714285715,17.214285714285715
2045,20.08,20.0
2046,16.733333333333334,16.733333333333334
2047,19.653846153846153,19.653846153846153
2048,19.153846153846153,19.153846153846153
2049,19.5,19.46153846153846
2050,21.08695652173913,21.043478260869566
2051,19.074074074074073,19.074074074074073
2052,18.576923076923077,18.53846153846154
2053,19.185185185185187,19.14814814814815
2054,19.4,19.4
2055,19.22222222222222,19.22222222222222
2056,17.814814814814813,17.77777777777778
2057,18.071428571428573,18.071428571428573
2058,15.71875,15.71875
2059,17.551724137931036,17.551724137931036
2060,18.40740740740741,18.40740740740741
2061,17.464285714285715,17.464285714285715
2062,19.346153846153847,19.346153846153847
2063,17.275862068965516,17.275862068965516
2064,19.076923076923077,19.076923076923077
2065,18.40740740740741,18.37037037037037
2066,21.166666666666668,21.125
2067,18.925925925925927,18.88888888888889
2068,18.48148148148148,18.444444444444443
2069,18.74074074074074,18.703703703703702
2070,20.541666666666668,20.375
2071,17.033333333333335,17.033333333333335
2072,17.24137931034483,17.20689655172414
2073,19.23076923076923,19.23076923076923
2074,20.869565217391305,20.869565217391305
2075,20.2,20.2
2076,19.692307692307693,19.615384615384617
2077,19.192307692307693,19.192307692307693
2078,20.708333333333332,20.708333333333332
2079,17.892857142857142,17.857142857142858
2080,18.22222222222222,18.22222222222222
2081,19.576923076923077,19.576923076923077
2082,16.387096774193548,16.387096774193548
2083,18.40740740740741,18.40740740740741
2084,19.192307692307693,19.192307692307693
2085,17.678571428571427,17.678571428571427
2086,18.035714285714285,18.035714285714285
2087,17.103448275862068,17.103448275862068
2088,19.76,19.76
2089,17.857142857142858,17.821428571428573
2090,19.074074074074073,19.037037037037038
2091,17.178571428571427,17.178571428571427
2092,18.77777777777778,18.77777777777778
2093,19.84,19.84
2094,19.576923076923077,19.53846153846154
2095,18.0,17.964285714285715
2096,19.576923076923077,19.5
2097,20.375,20.291666666666668
2098,20.666666666666668,20.625
2099,18.51851851851852,18.48148148148148
2100,18.5,18.5
2101,17.392857142857142,17.392857142857142
2102,19.037037037037038,19.037037037037038
2103,18.73076923076923,18.73076923076923
2104,20.08,20.08
2105,18.962962962962962,18.925925925925927
2106,20.04,19.96
2107,18.51851851851852,18.51851851851852
2108,20.333333333333332,20.333333333333332
2109,19.576923076923077,19.5
2110,19.72,19.72
2111,19.692307692307693,19.692307692307693
2112,18.923076923076923,18.923076923076923
2113,18.333333333333332,18.25925925925926
2114,18.321428571428573,18.321428571428573
2115,19.346153846153847,19.307692307692307
2116,18.76923076923077,18.76923076923077
2117,17.75,17.75
2118,18.925925925925927,18.88888888888889
2119,18.37037037037037,18.37037037037037
2120,18.035714285714285,18.035714285714285
2121,18.62962962962963,18.62962962962963
2122,18.846153846153847,18.846153846153847
2123,20.24,20.24
2124,18.444444444444443,18.444444444444443
2125,19.307692307692307,19.307692307692307
2126,20.583333333333332,20.583333333333332
2127,18.85185185185185,18.85185185185185
2128,19.26923076923077,19.23076923076923
2129,19.153846153846153,19.153846153846153
2130,18.0,18.0
2131,19.11111111111111,19.11111111111111
2132,21.565217391304348,21.565217391304348
2133,18.96153846153846,18.96153846153846
2134,18.40740740740741,18.37037037037037
2135,19.307692307692307,19.307692307692307
2136,18.428571428571427,18.392857142857142
2137,19.6,19.6
2138,18.035714285714285,18.0
2139,16.93103448275862,16.93103448275862
2140,18.85185185185185,18.85185185185185
2141,18.666666666666668,18.666666666666668
2142,19.23076923076923,19.153846153846153
2143,19.03846153846154,19.03846153846154
2144,18.884615384615383,18.846153846153847
2145,19.153846153846153,19.153846153846153
2146,20.36,20.32
2147,20.4,20.4
2148,19.115384615384617,19.115384615384617
2149,19.076923076923077,19.076923076923077
2150,20.75,20.666666666666668
2151,20.64,20.56
2152,20.166666666666668,20.083333333333332
2153,18.035714285714285,18.035714285714285
2154,20.2,20.16
2155,20.916666666666668,20.916666666666668
2156,19.68,19.68
2157,19.73076923076923,19.692307692307693
2158,19.6,19.6
2159,19.03846153846154,19.03846153846154
2160,20.24,20.2
2161,19.384615384615383,19.384615384615383
2162,17.448275862068964,17.413793103448278
2163,18.59259259259259,18.59259259259259
2164,18.0,18.0
2165,18.925925925925927,18.925925925925927
2166,17.17241379310345,17.17241379310345
2167,18.142857142857142,18.142857142857142
2168,18.25925925925926,18.25925925925926
2169,17.06896551724138,17.06896551724138
2170,17.785714285714285,17.75
2171,17.379310344827587,17.344827586206897
2172,18.703703703703702,18.703703703703702
2173,20.458333333333332,20.458333333333332
2174,18.74074074074074,18.74074074074074
2175,18.37037037037037,18.37037037037037
2176,18.96153846153846,18.96153846153846
2177,17.892857142857142,17.892857142857142
2178,19.384615384615383,19.307692307692307
2179,19.384615384615383,19.346153846153847
2180,20.44,20.44
2181,18.76923076923077,18.76923076923077
2182,18.428571428571427,18.428571428571427
2183,18.185185185185187,18.185185185185187
2184,19.26923076923077,19.26923076923077
2185,18.185185185185187,18.185185185185187
2186,20.791666666666668,20.791666666666668
2187,17.689655172413794,17.689655172413794
2188,18.666666666666668,18.62962962962963
2189,16.655172413793103,16.655172413793103
2190,19.25925925925926,19.22222222222222
2191,20.416666666666668,20.375
2192,19.5,19.46153846153846
2193,18.807692307692307,18.807692307692307
2194,19.692307692307693,19.653846153846153
2195,17.535714285714285,17.535714285714285
2196,20.0,20.0
2197,20.2,20.2
2198,17.678571428571427,17.678571428571427
2199,17.448275862068964,17.448275862068964
2200,19.72,19.72
2201,18.071428571428573,18.071428571428573
2202,19.6,19.6
2203,18.107142857142858,18.071428571428573
2204,17.448275862068964,17.448275862068964
2205,18.035714285714285,18.035714285714285
2206,16.896551724137932,16.896551724137932
2207,17.620689655172413,17.620689655172413
2208,18.76923076923077,18.76923076923077
2209,18.0,18.0
2210,16.862068965517242,16.862068965517242
2211,19.296296296296298,19.25925925925926
2212,20.041666666666668,20.041666666666668
2213,18.74074074074074,18.74074074074074
2214,20.52,20.4
2215,19.96,19.88
2216,18.555555555555557,18.555555555555557
2217,19.64,19.6
2218,17.482758620689655,17.448275862068964
2219,18.25925925925926,18.25925925925926
2220,16.8,16.8
2221,19.692307692307693,19.692307692307693
2222,20.125,20.083333333333332
2223,19.53846153846154,19.46153846153846
2224,19.192307692307693,19.192307692307693
2225,18.321428571428573,18.285714285714285
2226,19.4,19.4
2227,17.2,17.133333333333333
2228,17.464285714285715,17.428571428571427
2229,18.96153846153846,18.96153846153846
2230,17.928571428571427,17.928571428571427
2231,18.142857142857142,18.142857142857142
2232,19.346153846153847,19.307692307692307
2233,17.103448275862068,17.0
2234,18.428571428571427,18.428571428571427
2235,18.37037037037037,18.25925925925926
2236,19.192307692307693,19.153846153846153
2237,17.714285714285715,17.607142857142858
2238,20.04,20.0
2239,20.24,20.24
2240,21.391304347826086,21.391304347826086
2241,18.25,18.214285714285715
2242,19.0,18.96153846153846
2243,17.517241379310345,17.517241379310345
2244,18.666666666666668,18.62962962962963
2245,18.555555555555557,18.51851851851852
2246,18.923076923076923,18.923076923076923
2247,20.32,20.32
2248,19.0,19.0
2249,16.35483870967742,16.322580645161292
2250,17.535714285714285,17.535714285714285
2251,17.379310344827587,17.24137931034483
2252,18.285714285714285,18.285714285714285
2253,15.966666666666667,15.966666666666667
2254,16.483870967741936,16.483870967741936
2255,19.23076923076923,19.23076923076923
2256,16.322580645161292,16.322580645161292
2257,20.0,19.96
2258,17.75,17.75
2259,18.51851851851852,18.51851851851852
2260,16.193548387096776,16.193548387096776
2261,18.51851851851852,18.51851851851852
2262,19.46153846153846,19.46153846153846
2263,20.375,20.333333333333332
2264,17.517241379310345,17.517241379310345
2265,18.666666666666668,18.59259259259259
2266,17.962962962962962,17.962962962962962
2267,19.26923076923077,19.26923076923077
2268,18.25,18.25
2269,18.666666666666668,18.666666666666668
2270,18.73076923076923,18.73076923076923
2271,18.962962962962962,18.925925925925927
2272,19.192307692307693,19.192307692307693
2273,18.444444444444443,18.333333333333332
2274,18.62962962962963,18.59259259259259
2275,18.73076923076923,18.73076923076923
2276,19.0,18.88888888888889
2277,19.88,19.84
2278,19.576923076923077,19.576923076923077
2279,20.5,20.458333333333332
2280,19.23076923076923,19.192307692307693
2281,18.555555555555557,18.555555555555557
2282,19.037037037037038,19.037037037037038
2283,19.6,19.48
2284,20.583333333333332,20.541666666666668
2285,17.821428571428573,17.821428571428573
2286,19.423076923076923,19.423076923076923
2287,17.448275862068964,17.448275862068964
2288,18.62962962962963,18.62962962962963
2289,18.035714285714285,18.035714285714285
2290,18.62962962962963,18.62962962962963
2291,20.583333333333332,20.583333333333332
2292,18.884615384615383,18.884615384615383
2293,17.24137931034483,17.24137931034483
2294,16.451612903225808,16.451612903225808
2295,19.76,19.72
2296,18.925925925925927,18.925925925925927
2297,17.357142857142858,17.357142857142858
2298,17.964285714285715,17.964285714285715
2299,17.482758620689655,17.482758620689655
2300,18.59259259259259,18.59259259259259
2301,19.23076923076923,19.192307692307693
2302,18.333333333333332,18.333333333333332
2303,17.448275862068964,17.448275862068964
2304,19.64,19.64
2305,19.153846153846153,19.115384615384617
2306,21.333333333333332,21.208333333333332
2307,18.0,18.0
2308,18.0,17.962962962962962
2309,19.73076923076923,19.73076923076923
2310,17.892857142857142,17.892857142857142
2311,15.71875,15.71875
2312,15.625,15.625
2313,18.73076923076923,18.73076923076923
2314,18.923076923076923,18.923076923076923
2315,18.107142857142858,18.107142857142858
2316,19.115384615384617,19.115384615384617
2317,17.06896551724138,17.06896551724138
2318,18.962962962962962,18.962962962962962
2319,18.62962962962963,18.62962962962963
2320,17.379310344827587,17.344827586206897
2321,18.14814814814815,18.14814814814815
2322,18.035714285714285,18.0
2323,18.37037037037037,18.333333333333332
2324,17.379310344827587,17.344827586206897
2325,19.692307692307693,19.692307692307693
2326,19.8,19.8
2327,18.692307692307693,18.692307692307693
2328,20.4,20.36
2329,18.85185185185185,18.85185185185185
2330,16.96551724137931,16.96551724137931
2331,17.517241379310345,17.517241379310345
2332,16.033333333333335,16.033333333333335
2333,19.0,19.0
2334,17.310344827586206,17.310344827586206
2335,18.185185185185187,18.185185185185187
2336,19.03846153846154,19.03846153846154
2337,18.535714285714285,18.5
2338,19.44,19.44
2339,18.333333333333332,18.333333333333332
2340,18.464285714285715,18.464285714285715
2341,16.29032258064516,16.225806451612904
2342,17.321428571428573,17.321428571428573
2343,17.133333333333333,17.133333333333333
2344,16.4,16.4
2345,18.48148148148148,18.444444444444443
2346,17.928571428571427,17.928571428571427
2347,18.807692307692307,18.73076923076923
2348,19.884615384615383,19.846153846153847
2349,19.03846153846154,19.03846153846154
2350,15.46875,15.46875
2351,17.689655172413794,17.689655172413794
2352,19.423076923076923,19.307692307692307
2353,18.576923076923077,18.5
2354,18.925925925925927,18.925925925925927
2355,18.77777777777778,18.77777777777778
2356,19.68,19.64
2357,18.142857142857142,18.142857142857142
2358,17.814814814814813,17.814814814814813
2359,18.25,18.214285714285715
2360,18.962962962962962,18.962962962962962
2361,19.6,19.6
2362,17.586206896551722,17.586206896551722
2363,16.666666666666668,16.666666666666668
2364,18.333333333333332,18.333333333333332
2365,20.0,20.0
2366,18.555555555555557,18.51851851851852
2367,17.962962962962962,17.962962962962962
2368,18.62962962962963,18.62962962962963
2369,18.428571428571427,18.392857142857142
2370,19.72,19.72
2371,18.77777777777778,18.77777777777778
2372,20.083333333333332,20.041666666666668
2373,19.423076923076923,19.384615384615383
2374,19.576923076923077,19.53846153846154
2375,20.36,20.36
2376,19.23076923076923,19.192307692307693
2377,18.62962962962963,18.555555555555557
2378,17.75,17.714285714285715
2379,17.03448275862069,17.03448275862069
2380,18.884615384615383,18.884615384615383
2381,19.307692307692307,19.26923076923077
2382,19.185185185185187,19.185185185185187
2383,18.25925925925926,18.25925925925926
2384,18.807692307692307,18.76923076923077
2385,17.310344827586206,17.310344827586206
2386,18.178571428571427,18.142857142857142
2387,18.77777777777778,18.77777777777778
2388,18.76923076923077,18.76923076923077
2389,18.88888888888889,18.88888888888889
2390,20.04,20.0
2391,20.583333333333332,20.458333333333332
2392,20.04,20.04
2393,18.37037037037037,18.37037037037037
2394,18.428571428571427,18.428571428571427
2395,17.857142857142858,17.857142857142858
2396,19.192307692307693,19.192307692307693
2397,17.892857142857142,17.857142857142858
2398,18.46153846153846,18.46153846153846
2399,17.310344827586206,17.275862068965516
2400,17.79310344827586,17.724137931034484
2401,18.59259259259259,18.555555555555557
2402,18.333333333333332,18.333333333333332
2403,16.161290322580644,16.129032258064516
2404,16.193548387096776,16.161290322580644
2405,18.85185185185185,18.77777777777778
2406,15.5625,15.5625
2407,19.384615384615383,19.384615384615383
2408,20.208333333333332,20.208333333333332
2409,21.416666666666668,21.375
2410,18.923076923076923,18.923076923076923
2411,17.482758620689655,17.448275862068964
2412,18.22222222222222,18.185185185185187
2413,18.703703703703702,18.703703703703702
2414,20.5,20.5
2415,20.44,20.4
2416,16.75862068965517,16.75862068965517
2417,16.833333333333332,16.833333333333332
2418,18.178571428571427,18.178571428571427
2419,17.857142857142858,17.857142857142858
2420,19.423076923076923,19.423076923076923
2421,17.962962962962962,17.962962962962962
2422,18.814814814814813,18.814814814814813
2423,16.7,16.7
2424,18.923076923076923,18.923076923076923
2425,18.62962962962963,18.62962962962963
2426,15.96774193548387,15.96774193548387
2427,18.107142857142858,18.107142857142858
2428,15.8125,15.8125
2429,17.24137931034483,17.17241379310345
2430,17.892857142857142,17.892857142857142
2431,16.724137931034484,16.689655172413794
2432,16.25,16.25
2433,17.962962962962962,17.962962962962962
2434,19.0,19.0
2435,16.96551724137931,16.96551724137931
2436,19.0,18.923076923076923
2437,19.96153846153846,19.923076923076923
2438,20.166666666666668,20.166666666666668
2439,16.933333333333334,16.933333333333334
2440,18.74074074074074,18.74074074074074
2441,18.846153846153847,18.846153846153847
2442,16.5,16.466666666666665
2443,17.655172413793103,17.655172413793103
2444,17.392857142857142,17.392857142857142
2445,17.79310344827586,17.79310344827586
2446,16.733333333333334,16.733333333333334
2447,18.296296296296298,18.296296296296298
2448,17.5,17.5
2449,17.862068965517242,17.82758620689655
2450,21.304347826086957,21.304347826086957
2451,18.51851851851852,18.51851851851852
2452,18.85185185185185,18.814814814814813
2453,19.64,19.64
2454,18.107142857142858,18.071428571428573
2455,18.807692307692307,18.807692307692307
2456,18.214285714285715,18.214285714285715
2457,17.379310344827587,17.379310344827587
2458,19.346153846153847,19.346153846153847
2459,19.48,19.48
2460,19.423076923076923,19.423076923076923
2461,18.74074074074074,18.703703703703702
2462,16.6,16.6
2463,18.037037037037038,18.037037037037038
2464,16.933333333333334,16.9
2465,18.142857142857142,18.142857142857142
2466,17.0,17.0
2467,20.16,20.16
2468,19.46153846153846,19.46153846153846
2469,20.25,20.25
2470,18.85185185185185,18.85185185185185
2471,20.791666666666668,20.791666666666668
2472,19.96,19.96
2473,17.137931034482758,17.103448275862068
2474,17.821428571428573,17.821428571428573
2475,19.384615384615383,19.384615384615383
2476,17.482758620689655,17.482758620689655
2477,19.28,19.28
2478,18.444444444444443,18.40740740740741
2479,18.925925925925927,18.925925925925927
2480,19.346153846153847,19.346153846153847
2481,19.64,19.64
2482,19.307692307692307,19.26923076923077
2483,18.214285714285715,18.214285714285715
2484,19.115384615384617,19.115384615384617
2485,18.37037037037037,18.37037037037037
2486,16.533333333333335,16.533333333333335
2487,19.846153846153847,19.73076923076923
2488,18.0,18.0
2489,19.653846153846153,19.653846153846153
2490,18.807692307692307,18.807692307692307
2491,19.26923076923077,19.26923076923077
2492,19.037037037037038,19.037037037037038
2493,17.785714285714285,17.75
2494,17.413793103448278,17.413793103448278
2495,18.884615384615383,18.884615384615383
2496,17.642857142857142,17.642857142857142
2497,19.037037037037038,19.0
2498,20.125,20.125
2499,18.925925925925927,18.88888888888889
2500,20.0,19.96
2501,19.53846153846154,19.53846153846154
2502,17.607142857142858,17.571428571428573
2503,19.26923076923077,19.23076923076923
2504,19.0,19.0
2505,18.814814814814813,18.77777777777778
2506,18.85185185185185,18.814814814814813
2507,15.806451612903226,15.806451612903226
2508,18.85185185185185,18.85185185185185
2509,16.266666666666666,16.233333333333334
2510,16.387096774193548,16.35483870967742
2511,16.06451612903226,16.06451612903226
2512,17.857142857142858,17.821428571428573
2513,18.59259259259259,18.555555555555557
2514,17.310344827586206,17.310344827586206
2515,16.3,16.3
2516,18.62962962962963,18.62962962962963
2517,19.53846153846154,19.5
2518,17.642857142857142,17.642857142857142
2519,18.214285714285715,18.214285714285715
2520,16.0,16.0
2521,18.333333333333332,18.333333333333332
2522,17.607142857142858,17.607142857142858
2523,17.266666666666666,17.266666666666666
2524,18.923076923076923,18.923076923076923
2525,18.178571428571427,18.178571428571427
2526,18.846153846153847,18.807692307692307
2527,20.48,20.48
2528,17.571428571428573,17.571428571428573
2529,18.666666666666668,18.666666666666668
2530,19.192307692307693,19.192307692307693
2531,19.5,19.46153846153846
2532,17.17241379310345,17.17241379310345
2533,15.40625,15.34375
2534,16.8,16.8
2535,17.928571428571427,17.928571428571427
2536,18.0,18.0
2537,18.333333333333332,18.25925925925926
2538,19.0,19.0
2539,18.107142857142858,18.107142857142858
2540,17.275862068965516,17.275862068965516
2541,17.821428571428573,17.75
2542,17.17241379310345,17.17241379310345
2543,18.40740740740741,18.40740740740741
2544,18.62962962962963,18.59259259259259
2545,19.653846153846153,19.653846153846153
2546,18.96153846153846,18.923076923076923
2547,18.62962962962963,18.62962962962963
2548,19.115384615384617,19.115384615384617
2549,18.666666666666668,18.62962962962963
2550,19.153846153846153,19.115384615384617
2551,19.96,19.92
2552,19.0,19.0
2553,19.384615384615383,19.384615384615383
2554,18.214285714285715,18.214285714285715
2555,18.76923076923077,18.76923076923077
2556,19.653846153846153,19.653846153846153
2557,18.0,18.0
2558,18.807692307692307,18.807692307692307
2559,20.32,20.32
2560,17.571428571428573,17.464285714285715
2561,18.142857142857142,18.142857142857142
2562,18.11111111111111,18.11111111111111
2563,17.310344827586206,17.310344827586206
2564,17.066666666666666,17.066666666666666
2565,18.22222222222222,18.22222222222222
2566,18.51851851851852,18.48148148148148
2567,16.7,16.7
2568,19.0,18.962962962962962
2569,20.625,20.625
2570,18.333333333333332,18.333333333333332
2571,19.576923076923077,19.5
2572,17.892857142857142,17.892857142857142
2573,18.444444444444443,18.40740740740741
2574,17.85185185185185,17.85185185185185
2575,18.59259259259259,18.59259259259259
2576,17.896551724137932,17.862068965517242
2577,18.653846153846153,18.653846153846153
2578,18.107142857142858,18.035714285714285
2579,18.923076923076923,18.923076923076923
2580,17.857142857142858,17.857142857142858
2581,17.166666666666668,17.166666666666668
2582,19.384615384615383,19.384615384615383
2583,17.428571428571427,17.428571428571427
2584,20.04,20.04
2585,18.214285714285715,18.214285714285715
2586,16.6,16.6
2587,18.666666666666668,18.666666666666668
2588,17.821428571428573,17.821428571428573
2589,18.846153846153847,18.807692307692307
2590,19.346153846153847,19.307692307692307
2591,17.551724137931036,17.551724137931036
2592,18.555555555555557,18.555555555555557
2593,17.925925925925927,17.925925925925927
2594,18.77777777777778,18.74074074074074
2595,15.515151515151516,15.484848484848484
2596,17.428571428571427,17.357142857142858
2597,19.346153846153847,19.307692307692307
2598,17.928571428571427,17.892857142857142
2599,17.17241379310345,17.06896551724138
2600,19.074074074074073,19.074074074074073
2601,19.76,19.64
2602,19.307692307692307,19.26923076923077
2603,18.96153846153846,18.96153846153846
2604,16.8,16.8
2605,17.413793103448278,17.413793103448278
2606,19.6,19.56
2607,19.46153846153846,19.46153846153846
2608,18.0,18.0
2609,19.346153846153847,19.307692307692307
2610,18.14814814814815,18.14814814814815
2611,19.192307692307693,19.192307692307693
2612,19.5,19.5
2613,18.48148148148148,18.444444444444443
2614,18.285714285714285,18.285714285714285
2615,19.32,19.32
2616,20.04,20.04
2617,18.178571428571427,18.142857142857142
2618,18.703703703703702,18.703703703703702
2619,16.161290322580644,16.129032258064516
2620,17.344827586206897,17.344827586206897
2621,17.785714285714285,17.785714285714285
2622,17.964285714285715,17.892857142857142
2623,19.0,18.884615384615383
2624,19.8,19.72
2625,18.428571428571427,18.392857142857142
2626,15.903225806451612,15.903225806451612
2627,15.303030303030303,15.242424242424242
2628,16.322580645161292,16.322580645161292
2629,18.5,18.5
2630,16.933333333333334,16.933333333333334
2631,17.857142857142858,17.857142857142858
2632,17.275862068965516,17.24137931034483
2633,19.576923076923077,19.576923076923077
2634,17.857142857142858,17.821428571428573
2635,19.76,19.76
2636,14.941176470588236,14.941176470588236
2637,16.586206896551722,16.586206896551722
2638,18.814814814814813,18.814814814814813
2639,18.071428571428573,18.035714285714285
2640,16.766666666666666,16.766666666666666
2641,18.666666666666668,18.62962962962963
2642,17.285714285714285,17.285714285714285
2643,16.0625,16.0
2644,18.444444444444443,18.444444444444443
2645,17.103448275862068,17.06896551724138
2646,17.0,17.0
2647,19.72,19.72
2648,18.035714285714285,18.035714285714285
2649,18.653846153846153,18.653846153846153
2650,18.357142857142858,18.321428571428573
2651,18.035714285714285,17.928571428571427
2652,17.103448275862068,17.103448275862068
2653,19.88,19.88
2654,16.733333333333334,16.7
2655,16.666666666666668,16.633333333333333
2656,17.03448275862069,17.03448275862069
2657,18.48148148148148,18.444444444444443
2658,19.192307692307693,19.192307692307693
2659,17.75862068965517,17.75862068965517
2660,19.26923076923077,19.26923076923077
2661,19.26923076923077,19.23076923076923
2662,18.555555555555557,18.51851851851852
2663,19.32,19.32
2664,20.833333333333332,20.833333333333332
2665,19.653846153846153,19.615384615384617
2666,18.142857142857142,18.107142857142858
2667,19.23076923076923,19.192307692307693
2668,19.48,19.4
2669,18.85185185185185,18.85185185185185
2670,20.04,19.92
2671,18.77777777777778,18.74074074074074
2672,18.77777777777778,18.77777777777778
2673,18.615384615384617,18.615384615384617
2674,18.071428571428573,18.071428571428573
2675,19.46153846153846,19.46153846153846
2676,17.20689655172414,17.20689655172414
2677,18.0,18.0
2678,20.56,20.52
2679,19.88,19.88
2680,18.666666666666668,18.666666666666668
2681,18.14814814814815,18.037037037037038
2682,18.535714285714285,18.5
2683,17.88888888888889,17.85185185185185
2684,20.16,20.12
2685,20.0,19.96
2686,18.035714285714285,18.035714285714285
2687,19.153846153846153,19.115384615384617
2688,18.555555555555557,18.555555555555557
2689,17.655172413793103,17.620689655172413
2690,19.346153846153847,19.26923076923077
2691,18.25925925925926,18.22222222222222
2692,16.96551724137931,16.96551724137931
2693,20.0,19.92
2694,17.2,17.2
2695,17.310344827586206,17.24137931034483
2696,17.75,17.75
2697,15.59375,15.59375
2698,17.821428571428573,17.821428571428573
2699,18.142857142857142,18.142857142857142
2700,17.142857142857142,17.142857142857142
2701,19.11111111111111,19.11111111111111
2702,20.0,19.96
2703,19.8,19.8
2704,19.88,19.84
2705,18.703703703703702,18.703703703703702
2706,19.96,19.92
2707,18.0,18.0
2708,19.23076923076923,19.23076923076923
2709,19.03846153846154,19.03846153846154
2710,19.88,19.84
2711,17.714285714285715,17.678571428571427
2712,18.5,18.5
2713,19.0,18.96153846153846
2714,18.77777777777778,18.77777777777778
2715,19.64,19.64
2716,18.88888888888889,18.88888888888889
2717,19.68,19.68
2718,20.32,20.32
2719,20.75,20.75
2720,19.76,19.76
2721,19.56,19.56
2722,18.428571428571427,18.392857142857142
2723,17.607142857142858,17.571428571428573
2724,19.46153846153846,19.46153846153846
2725,18.142857142857142,18.142857142857142
2726,17.642857142857142,17.642857142857142
2727,18.923076923076923,18.923076923076923
2728,18.392857142857142,18.357142857142858
2729,19.32,19.32
2730,19.46153846153846,19.46153846153846
2731,18.62962962962963,18.62962962962963
2732,19.92,19.92
2733,19.5,19.46153846153846
2734,20.0,20.0
2735,20.12,20.12
2736,18.0,17.925925925925927
2737,19.884615384615383,19.846153846153847
2738,20.0,19.958333333333332
2739,19.25925925925926,19.25925925925926
2740,20.625,20.625
2741,18.11111111111111,18.037037037037038
2742,20.08,20.08
2743,18.071428571428573,18.071428571428573
2744,19.46153846153846,19.46153846153846
2745,19.88,19.88
2746,20.28,20.24
2747,19.76,19.76
2748,17.821428571428573,17.821428571428573
2749,18.555555555555557,18.555555555555557
2750,19.84,19.84
2751,18.814814814814813,18.814814814814813
2752,18.884615384615383,18.884615384615383
2753,19.23076923076923,19.23076923076923
2754,20.44,20.44
2755,20.416666666666668,20.333333333333332
2756,18.666666666666668,18.666666666666668
2757,20.875,20.833333333333332
2758,19.68,19.64
2759,18.392857142857142,18.357142857142858
2760,16.7,16.7
2761,18.035714285714285,18.035714285714285
2762,16.533333333333335,16.466666666666665
2763,20.125,20.125
2764,18.428571428571427,18.392857142857142
2765,17.392857142857142,17.392857142857142
2766,16.966666666666665,16.966666666666665
2767,18.666666666666668,18.666666666666668
2768,18.107142857142858,18.107142857142858
2769,17.75,17.714285714285715
2770,19.76,19.68
2771,18.357142857142858,18.285714285714285
2772,19.192307692307693,19.192307692307693
2773,20.91304347826087,20.869565217391305
2774,21.333333333333332,21.333333333333332
2775,18.59259259259259,18.555555555555557
2776,17.551724137931036,17.551724137931036
2777,17.642857142857142,17.642857142857142
2778,19.46153846153846,19.46153846153846
2779,19.192307692307693,19.192307692307693
2780,19.64,19.64
2781,17.379310344827587,17.379310344827587
2782,18.666666666666668,18.62962962962963
2783,18.40740740740741,18.40740740740741
2784,17.357142857142858,17.357142857142858
2785,16.451612903225808,16.451612903225808
2786,16.8,16.8
2787,18.59259259259259,18.59259259259259
2788,17.535714285714285,17.535714285714285
2789,18.85185185185185,18.85185185185185
2790,19.0,18.96153846153846
2791,20.0,20.0
2792,18.25925925925926,18.22222222222222
2793,20.08,19.96
2794,19.185185185185187,19.185185185185187
2795,18.40740740740741,18.25925925925926
2796,18.25925925925926,18.25925925925926
2797,20.64,20.64
2798,18.333333333333332,18.333333333333332
2799,18.653846153846153,18.653846153846153
2800,18.285714285714285,18.25
2801,17.678571428571427,17.678571428571427
2802,18.214285714285715,18.178571428571427
2803,19.307692307692307,19.307692307692307
2804,18.11111111111111,18.11111111111111
2805,18.88888888888889,18.88888888888889
2806,17.925925925925927,17.925925925925927
2807,17.862068965517242,17.82758620689655
2808,18.653846153846153,18.615384615384617
2809,19.307692307692307,19.26923076923077
2810,19.46153846153846,19.423076923076923
2811,17.275862068965516,17.24137931034483
2812,17.892857142857142,17.821428571428573
2813,18.62962962962963,18.59259259259259
2814,19.653846153846153,19.615384615384617
2815,18.5,18.5
2816,18.357142857142858,18.285714285714285
2817,19.423076923076923,19.384615384615383
2818,19.52,19.48
2819,19.14814814814815,19.074074074074073
2820,19.076923076923077,19.03846153846154
2821,17.714285714285715,17.642857142857142
2822,15.9375,15.90625
2823,19.88,19.88
2824,19.84,19.76
2825,19.153846153846153,19.115384615384617
2826,19.615384615384617,19.615384615384617
2827,18.185185185185187,18.14814814814815
2828,19.307692307692307,19.26923076923077
2829,18.25,18.25
2830,18.846153846153847,18.807692307692307
2831,18.25,18.178571428571427
2832,17.642857142857142,17.642857142857142
2833,18.178571428571427,18.178571428571427
2834,17.275862068965516,17.275862068965516
2835,17.103448275862068,17.103448275862068
2836,19.423076923076923,19.423076923076923
2837,21.47826086956522,21.434782608695652
2838,18.22222222222222,18.22222222222222
2839,19.423076923076923,19.384615384615383
2840,18.88888888888889,18.88888888888889
2841,18.40740740740741,18.333333333333332
2842,19.076923076923077,19.03846153846154
2843,19.73076923076923,19.692307692307693
2844,19.192307692307693,19.153846153846153
2845,20.75,20.75
2846,19.23076923076923,19.192307692307693
2847,18.333333333333332,18.333333333333332
2848,18.703703703703702,18.703703703703702
2849,19.03846153846154,19.0
2850,18.77777777777778,18.77777777777778
2851,21.47826086956522,21.434782608695652
2852,17.607142857142858,17.571428571428573
2853,20.48,20.48
2854,21.041666666666668,21.041666666666668
2855,19.52,19.52
2856,17.964285714285715,17.928571428571427
2857,18.62962962962963,18.59259259259259
2858,18.846153846153847,18.846153846153847
2859,20.44,20.44
2860,16.366666666666667,16.366666666666667
2861,17.413793103448278,17.379310344827587
2862,14.970588235294118,14.970588235294118
2863,19.23076923076923,19.23076923076923
2864,15.40625,15.40625
2865,18.77777777777778,18.77777777777778
2866,17.928571428571427,17.928571428571427
2867,19.8,19.8
2868,18.035714285714285,18.035714285714285
2869,18.40740740740741,18.40740740740741
2870,19.153846153846153,19.153846153846153
2871,20.833333333333332,20.833333333333332
2872,19.92,19.92
2873,18.703703703703702,18.703703703703702
2874,15.28125,15.28125
2875,18.142857142857142,18.142857142857142
2876,19.46153846153846,19.423076923076923
2877,17.857142857142858,17.821428571428573
2878,18.807692307692307,18.76923076923077
2879,19.576923076923077,19.576923076923077
2880,16.7,16.666666666666668
2881,15.870967741935484,15.870967741935484
2882,17.689655172413794,17.655172413793103
2883,15.6875,15.65625
2884,16.366666666666667,16.366666666666667
2885,18.555555555555557,18.555555555555557
2886,21.083333333333332,21.083333333333332
2887,18.576923076923077,18.576923076923077
2888,19.14814814814815,19.14814814814815
2889,19.4,19.36
2890,19.185185185185187,19.185185185185187
2891,19.307692307692307,19.307692307692307
2892,18.346153846153847,18.346153846153847
2893,19.37037037037037,19.37037037037037
2894,19.64,19.6
2895,18.555555555555557,18.555555555555557
2896,18.333333333333332,18.333333333333332
2897,18.555555555555557,18.555555555555557
2898,18.296296296296298,18.296296296296298
2899,18.5,18.5
2900,18.923076923076923,18.884615384615383
2901,19.115384615384617,19.115384615384617
2902,19.384615384615383,19.384615384615383
2903,16.96551724137931,16.96551724137931
2904,16.9,16.866666666666667
2905,18.925925925925927,18.925925925925927
2906,16.566666666666666,16.566666666666666
2907,17.962962962962962,17.962962962962962
2908,19.14814814814815,19.14814814814815
2909,16.0,15.96774193548387
2910,20.28,20.24
2911,19.72,19.68
2912,17.571428571428573,17.571428571428573
2913,18.25,18.25
2914,18.035714285714285,18.035714285714285
2915,19.24,19.2
2916,18.321428571428573,18.321428571428573
2917,18.77777777777778,18.74074074074074
2918,19.0,19.0
2919,18.96153846153846,18.96153846153846
2920,20.44,20.4
2921,20.833333333333332,20.833333333333332
2922,17.964285714285715,17.928571428571427
2923,17.310344827586206,17.310344827586206
2924,17.607142857142858,17.607142857142858
2925,16.9,16.9
2926,18.296296296296298,18.296296296296298
2927,20.16,20.16
2928,18.11111111111111,18.11111111111111
2929,16.833333333333332,16.833333333333332
2930,16.933333333333334,16.933333333333334
2931,17.103448275862068,17.103448275862068
2932,18.25925925925926,18.22222222222222
2933,20.04,19.96
2934,17.133333333333333,17.133333333333333
2935,18.37037037037037,18.37037037037037
2936,18.40740740740741,18.40740740740741
2937,18.846153846153847,18.846153846153847
2938,16.580645161290324,16.580645161290324
2939,17.642857142857142,17.642857142857142
2940,19.26923076923077,19.26923076923077
2941,16.566666666666666,16.566666666666666
2942,19.346153846153847,19.307692307692307
2943,19.576923076923077,19.53846153846154
2944,18.59259259259259,18.555555555555557
2945,20.82608695652174,20.782608695652176
2946,19.48148148148148,19.333333333333332
2947,18.923076923076923,18.923076923076923
2948,18.037037037037038,18.037037037037038
2949,18.962962962962962,18.962962962962962
2950,19.03846153846154,19.03846153846154
2951,19.88,19.88
2952,19.346153846153847,19.346153846153847
2953,19.615384615384617,19.576923076923077
2954,18.333333333333332,18.333333333333332
2955,17.551724137931036,17.551724137931036
2956,18.615384615384617,18.615384615384617
2957,16.193548387096776,16.193548387096776
2958,18.357142857142858,18.357142857142858
2959,17.814814814814813,17.814814814814813
2960,17.892857142857142,17.892857142857142
2961,16.125,16.125
2962,19.52,19.48
2963,17.964285714285715,17.892857142857142
2964,18.0,17.964285714285715
2965,17.275862068965516,17.275862068965516
2966,18.88888888888889,18.88888888888889
2967,17.214285714285715,17.214285714285715
2968,19.074074074074073,19.037037037037038
2969,18.846153846153847,18.846153846153847
2970,19.846153846153847,19.807692307692307
2971,18.59259259259259,18.51851851851852
2972,18.14814814814815,18.14814814814815
2973,18.555555555555557,18.555555555555557
2974,17.586206896551722,17.551724137931036
2975,20.583333333333332,20.583333333333332
2976,19.92,19.92
2977,19.8,19.76
2978,16.5,16.5
2979,17.266666666666666,17.2
2980,17.571428571428573,17.535714285714285
2981,19.5,19.46153846153846
2982,18.666666666666668,18.666666666666668
2983,19.72,19.72
2984,19.384615384615383,19.384615384615383
2985,17.357142857142858,17.357142857142858
2986,20.791666666666668,20.791666666666668
2987,21.416666666666668,21.416666666666668
2988,18.51851851851852,18.51851851851852
2989,20.875,20.791666666666668
2990,18.846153846153847,18.76923076923077
2991,17.82758620689655,17.82758620689655
2992,17.275862068965516,17.275862068965516
2993,19.4,19.36
2994,18.51851851851852,18.51851851851852
2995,19.53846153846154,19.53846153846154
2996,18.14814814814815,18.14814814814815
2997,17.862068965517242,17.862068965517242
2998,17.0,17.0
2999,16.96551724137931,16.96551724137931
3000,18.77777777777778,18.77777777777778
3001,17.20689655172414,17.20689655172414
3002,18.296296296296298,18.296296296296298
3003,18.035714285714285,18.035714285714285
3004,19.03846153846154,19.0
3005,19.423076923076923,19.384615384615383
3006,19.23076923076923,19.23076923076923
3007,18.85185185185185,18.85185185185185
3008,18.555555555555557,18.555555555555557
3009,18.333333333333332,18.25925925925926
3010,17.607142857142858,17.607142857142858
3011,19.153846153846153,19.153846153846153
3012,17.551724137931036,17.517241379310345
3013,18.51851851851852,18.51851851851852
3014,20.75,20.75
3015,20.52,20.48
3016,18.37037037037037,18.296296296296298
3017,19.384615384615383,19.384615384615383
3018,18.666666666666668,18.62962962962963
3019,19.36,19.36
3020,21.375,21.375
3021,17.928571428571427,17.928571428571427
3022,19.68,19.64
3023,17.379310344827587,17.379310344827587
3024,20.12,20.12
3025,22.0,22.0
3026,19.22222222222222,19.22222222222222
3027,20.708333333333332,20.666666666666668
3028,20.541666666666668,20.541666666666668
3029,20.08,20.08
3030,17.642857142857142,17.642857142857142
3031,16.193548387096776,16.193548387096776
3032,16.666666666666668,16.633333333333333
3033,16.387096774193548,16.35483870967742
3034,17.892857142857142,17.892857142857142
3035,18.0,18.0
3036,19.14814814814815,19.11111111111111
3037,17.428571428571427,17.392857142857142
3038,17.82758620689655,17.82758620689655
3039,17.857142857142858,17.857142857142858
3040,19.153846153846153,19.153846153846153
3041,17.892857142857142,17.892857142857142
3042,19.076923076923077,19.03846153846154
3043,16.733333333333334,16.733333333333334
3044,18.74074074074074,18.666666666666668
3045,16.233333333333334,16.233333333333334
3046,19.576923076923077,19.576923076923077
3047,18.884615384615383,18.884615384615383
3048,17.551724137931036,17.551724137931036
3049,17.5,17.5
3050,19.346153846153847,19.346153846153847
3051,18.444444444444443,18.444444444444443
3052,18.107142857142858,18.107142857142858
3053,20.16,20.16
3054,18.333333333333332,18.333333333333332
3055,19.92,19.92
3056,20.458333333333332,20.458333333333332
3057,20.2,20.16
3058,19.88,19.84
3059,20.28,20.28
3060,19.53846153846154,19.46153846153846
3061,18.96153846153846,18.923076923076923
3062,18.555555555555557,18.51851851851852
3063,19.5,19.5
3064,19.192307692307693,19.192307692307693
3065,20.333333333333332,20.333333333333332
3066,19.73076923076923,19.73076923076923
3067,17.821428571428573,17.821428571428573
3068,18.73076923076923,18.73076923076923
3069,17.266666666666666,17.266666666666666
3070,18.444444444444443,18.444444444444443
3071,18.846153846153847,18.846153846153847
3072,15.935483870967742,15.935483870967742
3073,17.551724137931036,17.551724137931036
3074,18.14814814814815,18.14814814814815
3075,16.866666666666667,16.866666666666667
3076,17.166666666666668,17.166666666666668
3077,18.73076923076923,18.73076923076923
3078,16.9,16.9
3079,18.74074074074074,18.703703703703702
3080,22.181818181818183,22.136363636363637
3081,17.17241379310345,17.137931034482758
3082,18.142857142857142,18.142857142857142
3083,18.107142857142858,18.107142857142858
3084,20.82608695652174,20.782608695652176
3085,19.22222222222222,19.185185185185187
3086,16.633333333333333,16.633333333333333
3087,19.153846153846153,19.153846153846153
3088,17.379310344827587,17.344827586206897
3089,18.40740740740741,18.40740740740741
3090,20.0,19.96
3091,18.555555555555557,18.51851851851852
3092,18.071428571428573,18.0
3093,17.714285714285715,17.714285714285715
3094,17.821428571428573,17.821428571428573
3095,20.2,20.2
3096,18.73076923076923,18.73076923076923
3097,18.607142857142858,18.535714285714285
3098,18.444444444444443,18.444444444444443
3099,19.153846153846153,19.115384615384617
3100,17.5,17.5
3101,18.444444444444443,18.444444444444443
3102,16.096774193548388,16.096774193548388
3103,19.76923076923077,19.76923076923077
3104,17.275862068965516,17.275862068965516
3105,18.333333333333332,18.333333333333332
3106,19.192307692307693,19.192307692307693
3107,19.92,19.92
3108,20.08,20.04
3109,18.77777777777778,18.74074074074074
3110,20.666666666666668,20.666666666666668
3111,18.51851851851852,18.444444444444443
3112,18.25925925925926,18.22222222222222
3113,20.36,20.36
3114,18.96153846153846,18.923076923076923
3115,18.51851851851852,18.51851851851852
3116,21.82608695652174,21.73913043478261
3117,19.307692307692307,19.26923076923077
3118,19.576923076923077,19.576923076923077
3119,16.7,16.7
3120,19.84,19.84
3121,18.814814814814813,18.814814814814813
3122,19.72,19.68
3123,19.423076923076923,19.384615384615383
3124,19.384615384615383,19.346153846153847
3125,20.666666666666668,20.583333333333332
3126,17.482758620689655,17.448275862068964
3127,18.96153846153846,18.884615384615383
3128,19.192307692307693,19.153846153846153
3129,18.296296296296298,18.296296296296298
3130,18.5,18.464285714285715
3131,20.0,19.96
3132,20.916666666666668,20.916666666666668
3133,17.75,17.75
3134,17.964285714285715,17.964285714285715
3135,18.96153846153846,18.923076923076923
3136,18.37037037037037,18.37037037037037
3137,19.53846153846154,19.53846153846154
3138,20.291666666666668,20.25
3139,19.14814814814815,19.11111111111111
3140,19.423076923076923,19.346153846153847
3141,18.46153846153846,18.46153846153846
3142,18.85185185185185,18.85185185185185
3143,18.14814814814815,18.14814814814815
3144,15.96875,15.96875
3145,19.23076923076923,19.23076923076923
3146,19.307692307692307,19.307692307692307
3147,17.964285714285715,17.928571428571427
3148,18.40740740740741,18.37037037037037
3149,20.36,20.36
3150,19.76,19.72
3151,20.08,20.04
3152,19.384615384615383,19.384615384615383
3153,19.03846153846154,19.03846153846154
3154,20.24,20.2
3155,18.923076923076923,18.884615384615383
3156,19.84,19.84
3157,20.48,20.48
3158,20.0,19.96
3159,18.0,17.964285714285715
3160,18.96153846153846,18.923076923076923
3161,18.22222222222222,18.185185185185187
3162,19.76923076923077,19.76923076923077
3163,18.555555555555557,18.555555555555557
3164,17.928571428571427,17.928571428571427
3165,17.962962962962962,17.962962962962962
3166,16.677419354838708,16.677419354838708
3167,18.22222222222222,18.22222222222222
3168,17.964285714285715,17.964285714285715
3169,19.46153846153846,19.46153846153846
3170,17.85185185185185,17.814814814814813
3171,19.5,19.5
3172,17.620689655172413,17.620689655172413
3173,22.0,22.0
3174,18.392857142857142,18.392857142857142
3175,14.529411764705882,14.5
3176,16.193548387096776,16.193548387096776
3177,16.82758620689655,16.79310344827586
3178,18.214285714285715,18.178571428571427
3179,18.85185185185185,18.85185185185185
3180,17.428571428571427,17.392857142857142
3181,19.384615384615383,19.384615384615383
3182,19.076923076923077,19.076923076923077
3183,18.333333333333332,18.333333333333332
3184,19.92,19.88
3185,18.925925925925927,18.925925925925927
3186,20.4,20.36
3187,19.8,19.8
3188,19.307692307692307,19.26923076923077
3189,18.22222222222222,18.14814814814815
3190,18.214285714285715,18.214285714285715
3191,20.2,20.2
3192,18.76923076923077,18.692307692307693
3193,20.32,20.32
3194,20.5,20.458333333333332
3195,19.46153846153846,19.307692307692307
3196,20.08,20.04
3197,20.958333333333332,20.958333333333332
3198,18.59259259259259,18.51851851851852
3199,19.192307692307693,19.192307692307693
3200,19.153846153846153,19.153846153846153
3201,18.666666666666668,18.666666666666668
3202,20.36,20.36
3203,16.75862068965517,16.75862068965517
3204,19.074074074074073,19.074074074074073
3205,17.925925925925927,17.925925925925927
3206,17.586206896551722,17.551724137931036
3207,15.6875,15.6875
3208,18.74074074074074,18.666666666666668
3209,17.103448275862068,17.103448275862068
3210,16.93103448275862,16.896551724137932
3211,19.11111111111111,19.037037037037038
3212,17.17241379310345,17.17241379310345
3213,17.928571428571427,17.928571428571427
3214,17.607142857142858,17.607142857142858
3215,18.296296296296298,18.296296296296298
3216,16.466666666666665,16.466666666666665
3217,19.26923076923077,19.23076923076923
3218,18.666666666666668,18.666666666666668
3219,19.73076923076923,19.692307692307693
3220,18.37037037037037,18.37037037037037
3221,18.333333333333332,18.333333333333332
3222,19.26923076923077,19.192307692307693
3223,18.071428571428573,18.0
3224,18.071428571428573,18.071428571428573
3225,18.53846153846154,18.53846153846154
3226,16.29032258064516,16.258064516129032
3227,18.142857142857142,18.142857142857142
3228,16.7,16.7
3229,16.433333333333334,16.4
3230,18.85185185185185,18.85185185185185
3231,17.24137931034483,17.20689655172414
3232,17.928571428571427,17.928571428571427
3233,17.928571428571427,17.928571428571427
3234,17.75,17.75
3235,17.482758620689655,17.448275862068964
3236,17.607142857142858,17.607142857142858
3237,16.766666666666666,16.766666666666666
3238,19.23076923076923,19.23076923076923
3239,18.296296296296298,18.25925925925926
3240,17.642857142857142,17.607142857142858
3241,18.925925925925927,18.925925925925927
3242,17.482758620689655,17.482758620689655
